2026-07-17 23:48:33,790 INFO  org.apache.flink.configuration.GlobalConfiguration           [] - Using standard YAML parser to load flink configuration file from /opt/flink/conf/config.yaml.
2026-07-17 23:48:33,811 INFO  org.apache.flink.configuration.GlobalConfiguration           [] - Loading configuration property: blob.server.port, 6124
2026-07-17 23:48:33,811 INFO  org.apache.flink.configuration.GlobalConfiguration           [] - Loading configuration property: taskmanager.memory.process.size, 1728m
2026-07-17 23:48:33,811 INFO  org.apache.flink.configuration.GlobalConfiguration           [] - Loading configuration property: taskmanager.bind-host, 0.0.0.0
2026-07-17 23:48:33,811 INFO  org.apache.flink.configuration.GlobalConfiguration           [] - Loading configuration property: jobmanager.execution.failover-strategy, region
2026-07-17 23:48:33,812 INFO  org.apache.flink.configuration.GlobalConfiguration           [] - Loading configuration property: jobmanager.rpc.address, jobmanager
2026-07-17 23:48:33,812 INFO  org.apache.flink.configuration.GlobalConfiguration           [] - Loading configuration property: jobmanager.memory.process.size, 1600m
2026-07-17 23:48:33,812 INFO  org.apache.flink.configuration.GlobalConfiguration           [] - Loading configuration property: jobmanager.rpc.port, 6123
2026-07-17 23:48:33,812 INFO  org.apache.flink.configuration.GlobalConfiguration           [] - Loading configuration property: query.server.port, 6125
2026-07-17 23:48:33,812 INFO  org.apache.flink.configuration.GlobalConfiguration           [] - Loading configuration property: jobmanager.bind-host, 0.0.0.0
2026-07-17 23:48:33,812 INFO  org.apache.flink.configuration.GlobalConfiguration           [] - Loading configuration property: parallelism.default, 1
2026-07-17 23:48:33,812 INFO  org.apache.flink.configuration.GlobalConfiguration           [] - Loading configuration property: taskmanager.numberOfTaskSlots, 1
2026-07-17 23:48:33,812 INFO  org.apache.flink.configuration.GlobalConfiguration           [] - Loading configuration property: rest.address, 0.0.0.0
2026-07-17 23:48:33,812 INFO  org.apache.flink.configuration.GlobalConfiguration           [] - Loading configuration property: env.java.opts.all, --add-exports=java.rmi/sun.rmi.registry=ALL-UNNAMED --add-exports=jdk.compiler/com.sun.tools.javac.api=ALL-UNNAMED --add-exports=jdk.compiler/com.sun.tools.javac.file=ALL-UNNAMED --add-exports=jdk.compiler/com.sun.tools.javac.parser=ALL-UNNAMED --add-exports=jdk.compiler/com.sun.tools.javac.tree=ALL-UNNAMED --add-exports=jdk.compiler/com.sun.tools.javac.util=ALL-UNNAMED --add-exports=java.security.jgss/sun.security.krb5=ALL-UNNAMED --add-opens=java.base/java.lang=ALL-UNNAMED --add-opens=java.base/java.net=ALL-UNNAMED --add-opens=java.base/java.io=ALL-UNNAMED --add-opens=java.base/java.nio=ALL-UNNAMED --add-opens=java.base/sun.nio.ch=ALL-UNNAMED --add-opens=java.base/java.lang.reflect=ALL-UNNAMED --add-opens=java.base/java.text=ALL-UNNAMED --add-opens=java.base/java.time=ALL-UNNAMED --add-opens=java.base/java.util=ALL-UNNAMED --add-opens=java.base/java.util.concurrent=ALL-UNNAMED --add-opens=java.base/java.util.concurrent.atomic=ALL-UNNAMED --add-opens=java.base/java.util.concurrent.locks=ALL-UNNAMED
2026-07-17 23:48:33,826 INFO  org.apache.flink.client.cli.CliFrontend                      [] - Loading FallbackYarnSessionCli
2026-07-17 23:48:33,835 INFO  org.apache.flink.core.fs.FileSystem                          [] - Hadoop is not in the classpath/dependencies. The extended set of supported File Systems via Hadoop is not available.
2026-07-17 23:48:33,841 INFO  org.apache.flink.core.plugin.DefaultPluginManager            [] - Plugin loader with ID not found, creating it: metrics-prometheus
2026-07-17 23:48:33,845 INFO  org.apache.flink.core.plugin.DefaultPluginManager            [] - Plugin loader with ID not found, creating it: external-resource-gpu
2026-07-17 23:48:33,845 INFO  org.apache.flink.core.plugin.DefaultPluginManager            [] - Plugin loader with ID not found, creating it: metrics-graphite
2026-07-17 23:48:33,845 INFO  org.apache.flink.core.plugin.DefaultPluginManager            [] - Plugin loader with ID not found, creating it: metrics-otel
2026-07-17 23:48:33,845 INFO  org.apache.flink.core.plugin.DefaultPluginManager            [] - Plugin loader with ID not found, creating it: metrics-influx
2026-07-17 23:48:33,845 INFO  org.apache.flink.core.plugin.DefaultPluginManager            [] - Plugin loader with ID not found, creating it: metrics-datadog
2026-07-17 23:48:33,845 INFO  org.apache.flink.core.plugin.DefaultPluginManager            [] - Plugin loader with ID not found, creating it: metrics-statsd
2026-07-17 23:48:33,845 INFO  org.apache.flink.core.plugin.DefaultPluginManager            [] - Plugin loader with ID not found, creating it: metrics-jmx
2026-07-17 23:48:33,845 INFO  org.apache.flink.core.plugin.DefaultPluginManager            [] - Plugin loader with ID not found, creating it: metrics-slf4j
2026-07-17 23:48:33,855 INFO  org.apache.flink.table.gateway.service.context.DefaultContext [] - Execution config: {execution.state-recovery.claim-mode=NO_CLAIM, execution.attached=true, execution.shutdown-on-attached-exit=false, execution.target=remote, execution.state-recovery.ignore-unclaimed-state=false}
2026-07-17 23:48:34,081 INFO  org.apache.flink.configuration.Configuration                 [] - Config uses fallback configuration key 'rest.port' instead of key 'rest.bind-port'
2026-07-17 23:48:34,094 INFO  org.apache.flink.table.gateway.rest.SqlGatewayRestEndpoint   [] - Upload directory /tmp/flink-web-upload does not exist. 
2026-07-17 23:48:34,095 INFO  org.apache.flink.table.gateway.rest.SqlGatewayRestEndpoint   [] - Created directory /tmp/flink-web-upload for file uploads.
2026-07-17 23:48:34,097 INFO  org.apache.flink.table.gateway.rest.SqlGatewayRestEndpoint   [] - Starting rest endpoint.
2026-07-17 23:48:34,235 INFO  org.apache.flink.table.gateway.rest.SqlGatewayRestEndpoint   [] - Rest endpoint listening at localhost:38009
2026-07-17 23:48:34,252 INFO  org.apache.flink.table.shaded.org.quartz.impl.StdSchedulerFactory [] - Using default implementation for ThreadExecutor
2026-07-17 23:48:34,253 INFO  org.apache.flink.table.shaded.org.quartz.simpl.SimpleThreadPool [] - Job execution threads will use class loader of thread: main
2026-07-17 23:48:34,257 INFO  org.apache.flink.table.shaded.org.quartz.core.SchedulerSignalerImpl [] - Initialized Scheduler Signaller of type: class org.apache.flink.table.shaded.org.quartz.core.SchedulerSignalerImpl
2026-07-17 23:48:34,257 INFO  org.apache.flink.table.shaded.org.quartz.core.QuartzScheduler [] - Quartz Scheduler v.2.3.2 created.
2026-07-17 23:48:34,258 INFO  org.apache.flink.table.shaded.org.quartz.simpl.RAMJobStore   [] - RAMJobStore initialized.
2026-07-17 23:48:34,258 INFO  org.apache.flink.table.shaded.org.quartz.core.QuartzScheduler [] - Scheduler meta-data: Quartz Scheduler (v2.3.2) 'FlinkQuartzScheduler' with instanceId 'NON_CLUSTERED'
  Scheduler class: 'org.apache.flink.table.shaded.org.quartz.core.QuartzScheduler' - running locally.
  NOT STARTED.
  Currently in standby mode.
  Number of jobs executed: 0
  Using thread pool 'org.apache.flink.table.shaded.org.quartz.simpl.SimpleThreadPool' - with 1 threads.
  Using job-store 'org.apache.flink.table.shaded.org.quartz.simpl.RAMJobStore' - which does not support persistence. and is not clustered.

2026-07-17 23:48:34,258 INFO  org.apache.flink.table.shaded.org.quartz.impl.StdSchedulerFactory [] - Quartz scheduler 'FlinkQuartzScheduler' initialized from an externally provided properties instance.
2026-07-17 23:48:34,258 INFO  org.apache.flink.table.shaded.org.quartz.impl.StdSchedulerFactory [] - Quartz scheduler version: 2.3.2
2026-07-17 23:48:34,258 INFO  org.apache.flink.table.shaded.org.quartz.core.QuartzScheduler [] - Scheduler FlinkQuartzScheduler_$_NON_CLUSTERED started.
2026-07-17 23:48:34,258 INFO  org.apache.flink.table.gateway.workflow.scheduler.EmbeddedQuartzScheduler [] - Start quartz scheduler successfully.
2026-07-17 23:48:34,258 INFO  org.apache.flink.table.client.SqlClient                      [] - Start embedded gateway on port 38009
2026-07-17 23:48:34,360 INFO  org.apache.flink.table.client.gateway.ExecutorImpl           [] - Open session to http://localhost:38009 with connection version: V4.
2026-07-17 23:48:34,400 INFO  org.apache.flink.table.resource.ResourceManager              [] - Added JAR resource [file:/opt/flink/usrlib/flink-sql-connector-kafka-5.0.0-2.2.jar] to class path.
2026-07-17 23:48:34,400 INFO  org.apache.flink.table.resource.ResourceManager              [] - Register resource [/opt/flink/usrlib/flink-sql-connector-kafka-5.0.0-2.2.jar] successfully.
2026-07-17 23:48:34,400 INFO  org.apache.flink.table.resource.ResourceManager              [] - Added JAR resource [file:/opt/flink/usrlib/hadoop-client-runtime-3.3.6.jar] to class path.
2026-07-17 23:48:34,400 INFO  org.apache.flink.table.resource.ResourceManager              [] - Register resource [/opt/flink/usrlib/hadoop-client-runtime-3.3.6.jar] successfully.
2026-07-17 23:48:34,400 INFO  org.apache.flink.table.resource.ResourceManager              [] - Added JAR resource [file:/opt/flink/usrlib/paimon-s3-1.4.2.jar] to class path.
2026-07-17 23:48:34,400 INFO  org.apache.flink.table.resource.ResourceManager              [] - Register resource [/opt/flink/usrlib/paimon-s3-1.4.2.jar] successfully.
2026-07-17 23:48:34,400 INFO  org.apache.flink.table.resource.ResourceManager              [] - Added JAR resource [file:/opt/flink/usrlib/hadoop-client-api-3.3.6.jar] to class path.
2026-07-17 23:48:34,400 INFO  org.apache.flink.table.resource.ResourceManager              [] - Register resource [/opt/flink/usrlib/hadoop-client-api-3.3.6.jar] successfully.
2026-07-17 23:48:34,400 INFO  org.apache.flink.table.resource.ResourceManager              [] - Added JAR resource [file:/opt/flink/usrlib/paimon-flink-2.2-1.4.2.jar] to class path.
2026-07-17 23:48:34,400 INFO  org.apache.flink.table.resource.ResourceManager              [] - Register resource [/opt/flink/usrlib/paimon-flink-2.2-1.4.2.jar] successfully.
2026-07-17 23:48:34,458 WARN  org.apache.flink.table.factories.WorkflowSchedulerFactoryUtil [] - Workflow scheduler options do not contain an option key 'workflow-scheduler.type' for discovering an workflow scheduler.
2026-07-17 23:48:34,548 INFO  org.apache.flink.table.client.cli.CliClient                  [] - Command history file path: /opt/flink/.flink-sql-history
2026-07-17 23:48:35,001 INFO  org.apache.flink.api.java.typeutils.TypeExtractor            [] - class org.apache.flink.sql.parser.ddl.SqlCreateCatalog does not contain a setter for field catalogName
2026-07-17 23:48:35,001 INFO  org.apache.flink.api.java.typeutils.TypeExtractor            [] - Class class org.apache.flink.sql.parser.ddl.SqlCreateCatalog cannot be used as a POJO type because not all fields are valid POJO fields, and must be processed as GenericType. Please read the Flink documentation on "Data Types & Serialization" for details of the effect on performance and schema evolution.
2026-07-17 23:48:35,001 INFO  org.apache.flink.api.java.typeutils.TypeExtractor            [] - class org.apache.flink.sql.parser.ddl.SqlAlterCatalogOptions does not contain a setter for field propertyList
2026-07-17 23:48:35,001 INFO  org.apache.flink.api.java.typeutils.TypeExtractor            [] - Class class org.apache.flink.sql.parser.ddl.SqlAlterCatalogOptions cannot be used as a POJO type because not all fields are valid POJO fields, and must be processed as GenericType. Please read the Flink documentation on "Data Types & Serialization" for details of the effect on performance and schema evolution.
2026-07-17 23:48:35,002 INFO  org.apache.flink.api.java.typeutils.TypeExtractor            [] - class org.apache.flink.sql.parser.ddl.SqlAlterCatalogReset does not contain a getter for field propertyKeyList
2026-07-17 23:48:35,002 INFO  org.apache.flink.api.java.typeutils.TypeExtractor            [] - class org.apache.flink.sql.parser.ddl.SqlAlterCatalogReset does not contain a setter for field propertyKeyList
2026-07-17 23:48:35,002 INFO  org.apache.flink.api.java.typeutils.TypeExtractor            [] - Class class org.apache.flink.sql.parser.ddl.SqlAlterCatalogReset cannot be used as a POJO type because not all fields are valid POJO fields, and must be processed as GenericType. Please read the Flink documentation on "Data Types & Serialization" for details of the effect on performance and schema evolution.
2026-07-17 23:48:35,002 INFO  org.apache.flink.api.java.typeutils.TypeExtractor            [] - class org.apache.flink.sql.parser.ddl.SqlAlterCatalogComment does not contain a setter for field comment
2026-07-17 23:48:35,002 INFO  org.apache.flink.api.java.typeutils.TypeExtractor            [] - Class class org.apache.flink.sql.parser.ddl.SqlAlterCatalogComment cannot be used as a POJO type because not all fields are valid POJO fields, and must be processed as GenericType. Please read the Flink documentation on "Data Types & Serialization" for details of the effect on performance and schema evolution.
2026-07-17 23:48:35,002 INFO  org.apache.flink.api.java.typeutils.TypeExtractor            [] - class org.apache.flink.sql.parser.ddl.SqlCreateView does not contain a setter for field viewName
2026-07-17 23:48:35,002 INFO  org.apache.flink.api.java.typeutils.TypeExtractor            [] - Class class org.apache.flink.sql.parser.ddl.SqlCreateView cannot be used as a POJO type because not all fields are valid POJO fields, and must be processed as GenericType. Please read the Flink documentation on "Data Types & Serialization" for details of the effect on performance and schema evolution.
2026-07-17 23:48:35,003 INFO  org.apache.flink.api.java.typeutils.TypeExtractor            [] - class org.apache.flink.sql.parser.ddl.SqlAlterViewRename does not contain a getter for field newViewIdentifier
2026-07-17 23:48:35,003 INFO  org.apache.flink.api.java.typeutils.TypeExtractor            [] - class org.apache.flink.sql.parser.ddl.SqlAlterViewRename does not contain a setter for field newViewIdentifier
2026-07-17 23:48:35,003 INFO  org.apache.flink.api.java.typeutils.TypeExtractor            [] - Class class org.apache.flink.sql.parser.ddl.SqlAlterViewRename cannot be used as a POJO type because not all fields are valid POJO fields, and must be processed as GenericType. Please read the Flink documentation on "Data Types & Serialization" for details of the effect on performance and schema evolution.
2026-07-17 23:48:35,003 INFO  org.apache.flink.api.java.typeutils.TypeExtractor            [] - class org.apache.flink.sql.parser.ddl.SqlAlterViewProperties does not contain a setter for field propertyList
2026-07-17 23:48:35,003 INFO  org.apache.flink.api.java.typeutils.TypeExtractor            [] - Class class org.apache.flink.sql.parser.ddl.SqlAlterViewProperties cannot be used as a POJO type because not all fields are valid POJO fields, and must be processed as GenericType. Please read the Flink documentation on "Data Types & Serialization" for details of the effect on performance and schema evolution.
2026-07-17 23:48:35,003 INFO  org.apache.flink.api.java.typeutils.TypeExtractor            [] - class org.apache.flink.sql.parser.ddl.SqlAlterViewAs does not contain a setter for field newQuery
2026-07-17 23:48:35,003 INFO  org.apache.flink.api.java.typeutils.TypeExtractor            [] - Class class org.apache.flink.sql.parser.ddl.SqlAlterViewAs cannot be used as a POJO type because not all fields are valid POJO fields, and must be processed as GenericType. Please read the Flink documentation on "Data Types & Serialization" for details of the effect on performance and schema evolution.
2026-07-17 23:48:35,003 INFO  org.apache.flink.api.java.typeutils.TypeExtractor            [] - class org.apache.flink.sql.parser.ddl.SqlAddPartitions does not contain a setter for field ifPartitionNotExists
2026-07-17 23:48:35,003 INFO  org.apache.flink.api.java.typeutils.TypeExtractor            [] - Class class org.apache.flink.sql.parser.ddl.SqlAddPartitions cannot be used as a POJO type because not all fields are valid POJO fields, and must be processed as GenericType. Please read the Flink documentation on "Data Types & Serialization" for details of the effect on performance and schema evolution.
2026-07-17 23:48:35,004 INFO  org.apache.flink.api.java.typeutils.TypeExtractor            [] - class org.apache.flink.sql.parser.ddl.SqlDropPartitions does not contain a setter for field ifExists
2026-07-17 23:48:35,004 INFO  org.apache.flink.api.java.typeutils.TypeExtractor            [] - Class class org.apache.flink.sql.parser.ddl.SqlDropPartitions cannot be used as a POJO type because not all fields are valid POJO fields, and must be processed as GenericType. Please read the Flink documentation on "Data Types & Serialization" for details of the effect on performance and schema evolution.
2026-07-17 23:48:35,004 INFO  org.apache.flink.api.java.typeutils.TypeExtractor            [] - class org.apache.flink.sql.parser.dql.SqlShowPartitions does not contain a getter for field tableIdentifier
2026-07-17 23:48:35,004 INFO  org.apache.flink.api.java.typeutils.TypeExtractor            [] - class org.apache.flink.sql.parser.dql.SqlShowPartitions does not contain a setter for field tableIdentifier
2026-07-17 23:48:35,004 INFO  org.apache.flink.api.java.typeutils.TypeExtractor            [] - Class class org.apache.flink.sql.parser.dql.SqlShowPartitions cannot be used as a POJO type because not all fields are valid POJO fields, and must be processed as GenericType. Please read the Flink documentation on "Data Types & Serialization" for details of the effect on performance and schema evolution.
2026-07-17 23:48:35,004 INFO  org.apache.flink.api.java.typeutils.TypeExtractor            [] - class org.apache.flink.sql.parser.dml.SqlTruncateTable does not contain a getter for field tableNameIdentifier
2026-07-17 23:48:35,004 INFO  org.apache.flink.api.java.typeutils.TypeExtractor            [] - class org.apache.flink.sql.parser.dml.SqlTruncateTable does not contain a setter for field tableNameIdentifier
2026-07-17 23:48:35,004 INFO  org.apache.flink.api.java.typeutils.TypeExtractor            [] - Class class org.apache.flink.sql.parser.dml.SqlTruncateTable cannot be used as a POJO type because not all fields are valid POJO fields, and must be processed as GenericType. Please read the Flink documentation on "Data Types & Serialization" for details of the effect on performance and schema evolution.
2026-07-17 23:48:35,005 INFO  org.apache.flink.api.java.typeutils.TypeExtractor            [] - class org.apache.flink.sql.parser.dql.SqlShowFunctions does not contain a setter for field requireUser
2026-07-17 23:48:35,005 INFO  org.apache.flink.api.java.typeutils.TypeExtractor            [] - Class class org.apache.flink.sql.parser.dql.SqlShowFunctions cannot be used as a POJO type because not all fields are valid POJO fields, and must be processed as GenericType. Please read the Flink documentation on "Data Types & Serialization" for details of the effect on performance and schema evolution.
2026-07-17 23:48:35,005 INFO  org.apache.flink.api.java.typeutils.TypeExtractor            [] - class org.apache.flink.sql.parser.dql.SqlShowModels does not contain a setter for field preposition
2026-07-17 23:48:35,005 INFO  org.apache.flink.api.java.typeutils.TypeExtractor            [] - Class class org.apache.flink.sql.parser.dql.SqlShowModels cannot be used as a POJO type because not all fields are valid POJO fields, and must be processed as GenericType. Please read the Flink documentation on "Data Types & Serialization" for details of the effect on performance and schema evolution.
2026-07-17 23:48:35,005 INFO  org.apache.flink.api.java.typeutils.TypeExtractor            [] - class org.apache.flink.sql.parser.dql.SqlShowCreateModel does not contain a getter for field sqlIdentifier
2026-07-17 23:48:35,005 INFO  org.apache.flink.api.java.typeutils.TypeExtractor            [] - class org.apache.flink.sql.parser.dql.SqlShowCreateModel does not contain a setter for field sqlIdentifier
2026-07-17 23:48:35,005 INFO  org.apache.flink.api.java.typeutils.TypeExtractor            [] - Class class org.apache.flink.sql.parser.dql.SqlShowCreateModel cannot be used as a POJO type because not all fields are valid POJO fields, and must be processed as GenericType. Please read the Flink documentation on "Data Types & Serialization" for details of the effect on performance and schema evolution.
2026-07-17 23:48:35,005 INFO  org.apache.flink.api.java.typeutils.TypeExtractor            [] - class org.apache.flink.sql.parser.dql.SqlShowProcedures does not contain a setter for field preposition
2026-07-17 23:48:35,005 INFO  org.apache.flink.api.java.typeutils.TypeExtractor            [] - Class class org.apache.flink.sql.parser.dql.SqlShowProcedures cannot be used as a POJO type because not all fields are valid POJO fields, and must be processed as GenericType. Please read the Flink documentation on "Data Types & Serialization" for details of the effect on performance and schema evolution.
2026-07-17 23:48:35,006 INFO  org.apache.flink.api.java.typeutils.TypeExtractor            [] - class org.apache.flink.sql.parser.ddl.SqlReplaceTableAs does not contain a setter for field isCreateOrReplace
2026-07-17 23:48:35,006 INFO  org.apache.flink.api.java.typeutils.TypeExtractor            [] - Class class org.apache.flink.sql.parser.ddl.SqlReplaceTableAs cannot be used as a POJO type because not all fields are valid POJO fields, and must be processed as GenericType. Please read the Flink documentation on "Data Types & Serialization" for details of the effect on performance and schema evolution.
2026-07-17 23:48:35,007 INFO  org.apache.flink.api.java.typeutils.TypeExtractor            [] - class org.apache.flink.sql.parser.dql.SqlShowDatabases does not contain a setter for field preposition
2026-07-17 23:48:35,007 INFO  org.apache.flink.api.java.typeutils.TypeExtractor            [] - Class class org.apache.flink.sql.parser.dql.SqlShowDatabases cannot be used as a POJO type because not all fields are valid POJO fields, and must be processed as GenericType. Please read the Flink documentation on "Data Types & Serialization" for details of the effect on performance and schema evolution.
2026-07-17 23:48:35,007 INFO  org.apache.flink.api.java.typeutils.TypeExtractor            [] - class org.apache.flink.sql.parser.dql.SqlShowCreateCatalog does not contain a getter for field sqlIdentifier
2026-07-17 23:48:35,007 INFO  org.apache.flink.api.java.typeutils.TypeExtractor            [] - class org.apache.flink.sql.parser.dql.SqlShowCreateCatalog does not contain a setter for field sqlIdentifier
2026-07-17 23:48:35,007 INFO  org.apache.flink.api.java.typeutils.TypeExtractor            [] - Class class org.apache.flink.sql.parser.dql.SqlShowCreateCatalog cannot be used as a POJO type because not all fields are valid POJO fields, and must be processed as GenericType. Please read the Flink documentation on "Data Types & Serialization" for details of the effect on performance and schema evolution.
2026-07-17 23:48:35,007 INFO  org.apache.flink.api.java.typeutils.TypeExtractor            [] - class org.apache.flink.sql.parser.dql.SqlDescribeCatalog does not contain a getter for field catalogName
2026-07-17 23:48:35,007 INFO  org.apache.flink.api.java.typeutils.TypeExtractor            [] - class org.apache.flink.sql.parser.dql.SqlDescribeCatalog does not contain a setter for field catalogName
2026-07-17 23:48:35,007 INFO  org.apache.flink.api.java.typeutils.TypeExtractor            [] - Class class org.apache.flink.sql.parser.dql.SqlDescribeCatalog cannot be used as a POJO type because not all fields are valid POJO fields, and must be processed as GenericType. Please read the Flink documentation on "Data Types & Serialization" for details of the effect on performance and schema evolution.
2026-07-17 23:48:35,007 INFO  org.apache.flink.api.java.typeutils.TypeExtractor            [] - class org.apache.flink.sql.parser.dql.SqlDescribeJob does not contain a getter for field jobId
2026-07-17 23:48:35,007 INFO  org.apache.flink.api.java.typeutils.TypeExtractor            [] - class org.apache.flink.sql.parser.dql.SqlDescribeJob does not contain a setter for field jobId
2026-07-17 23:48:35,007 INFO  org.apache.flink.api.java.typeutils.TypeExtractor            [] - Class class org.apache.flink.sql.parser.dql.SqlDescribeJob cannot be used as a POJO type because not all fields are valid POJO fields, and must be processed as GenericType. Please read the Flink documentation on "Data Types & Serialization" for details of the effect on performance and schema evolution.
2026-07-17 23:48:35,008 INFO  org.apache.flink.api.java.typeutils.TypeExtractor            [] - class org.apache.flink.sql.parser.ddl.SqlCreateMaterializedTable does not contain a setter for field tableName
2026-07-17 23:48:35,008 INFO  org.apache.flink.api.java.typeutils.TypeExtractor            [] - Class class org.apache.flink.sql.parser.ddl.SqlCreateMaterializedTable cannot be used as a POJO type because not all fields are valid POJO fields, and must be processed as GenericType. Please read the Flink documentation on "Data Types & Serialization" for details of the effect on performance and schema evolution.
2026-07-17 23:48:35,008 INFO  org.apache.flink.api.java.typeutils.TypeExtractor            [] - class org.apache.flink.sql.parser.ddl.SqlAlterMaterializedTableRefresh does not contain a setter for field partitionSpec
2026-07-17 23:48:35,008 INFO  org.apache.flink.api.java.typeutils.TypeExtractor            [] - Class class org.apache.flink.sql.parser.ddl.SqlAlterMaterializedTableRefresh cannot be used as a POJO type because not all fields are valid POJO fields, and must be processed as GenericType. Please read the Flink documentation on "Data Types & Serialization" for details of the effect on performance and schema evolution.
2026-07-17 23:48:35,008 INFO  org.apache.flink.api.java.typeutils.TypeExtractor            [] - class org.apache.flink.sql.parser.ddl.SqlAlterMaterializedTableSuspend does not contain a getter for field tableIdentifier
2026-07-17 23:48:35,009 INFO  org.apache.flink.api.java.typeutils.TypeExtractor            [] - class org.apache.flink.sql.parser.ddl.SqlAlterMaterializedTableSuspend does not contain a setter for field tableIdentifier
2026-07-17 23:48:35,009 INFO  org.apache.flink.api.java.typeutils.TypeExtractor            [] - Class class org.apache.flink.sql.parser.ddl.SqlAlterMaterializedTableSuspend cannot be used as a POJO type because not all fields are valid POJO fields, and must be processed as GenericType. Please read the Flink documentation on "Data Types & Serialization" for details of the effect on performance and schema evolution.
2026-07-17 23:48:35,009 INFO  org.apache.flink.api.java.typeutils.TypeExtractor            [] - class org.apache.flink.sql.parser.ddl.SqlAlterMaterializedTableResume does not contain a setter for field propertyList
2026-07-17 23:48:35,009 INFO  org.apache.flink.api.java.typeutils.TypeExtractor            [] - Class class org.apache.flink.sql.parser.ddl.SqlAlterMaterializedTableResume cannot be used as a POJO type because not all fields are valid POJO fields, and must be processed as GenericType. Please read the Flink documentation on "Data Types & Serialization" for details of the effect on performance and schema evolution.
2026-07-17 23:48:35,009 INFO  org.apache.flink.api.java.typeutils.TypeExtractor            [] - class org.apache.flink.sql.parser.ddl.SqlAlterMaterializedTableAsQuery does not contain a setter for field asQuery
2026-07-17 23:48:35,009 INFO  org.apache.flink.api.java.typeutils.TypeExtractor            [] - Class class org.apache.flink.sql.parser.ddl.SqlAlterMaterializedTableAsQuery cannot be used as a POJO type because not all fields are valid POJO fields, and must be processed as GenericType. Please read the Flink documentation on "Data Types & Serialization" for details of the effect on performance and schema evolution.
2026-07-17 23:48:35,009 INFO  org.apache.flink.api.java.typeutils.TypeExtractor            [] - class org.apache.flink.sql.parser.ddl.SqlAlterMaterializedTableAddDistribution does not contain a getter for field distribution
2026-07-17 23:48:35,009 INFO  org.apache.flink.api.java.typeutils.TypeExtractor            [] - class org.apache.flink.sql.parser.ddl.SqlAlterMaterializedTableAddDistribution does not contain a setter for field distribution
2026-07-17 23:48:35,010 INFO  org.apache.flink.api.java.typeutils.TypeExtractor            [] - Class class org.apache.flink.sql.parser.ddl.SqlAlterMaterializedTableAddDistribution cannot be used as a POJO type because not all fields are valid POJO fields, and must be processed as GenericType. Please read the Flink documentation on "Data Types & Serialization" for details of the effect on performance and schema evolution.
2026-07-17 23:48:35,010 INFO  org.apache.flink.api.java.typeutils.TypeExtractor            [] - class org.apache.flink.sql.parser.ddl.SqlAlterMaterializedTableModifyDistribution does not contain a getter for field distribution
2026-07-17 23:48:35,010 INFO  org.apache.flink.api.java.typeutils.TypeExtractor            [] - class org.apache.flink.sql.parser.ddl.SqlAlterMaterializedTableModifyDistribution does not contain a setter for field distribution
2026-07-17 23:48:35,010 INFO  org.apache.flink.api.java.typeutils.TypeExtractor            [] - Class class org.apache.flink.sql.parser.ddl.SqlAlterMaterializedTableModifyDistribution cannot be used as a POJO type because not all fields are valid POJO fields, and must be processed as GenericType. Please read the Flink documentation on "Data Types & Serialization" for details of the effect on performance and schema evolution.
2026-07-17 23:48:35,010 INFO  org.apache.flink.api.java.typeutils.TypeExtractor            [] - class org.apache.flink.sql.parser.ddl.SqlAlterMaterializedTableDropDistribution does not contain a getter for field tableIdentifier
2026-07-17 23:48:35,010 INFO  org.apache.flink.api.java.typeutils.TypeExtractor            [] - class org.apache.flink.sql.parser.ddl.SqlAlterMaterializedTableDropDistribution does not contain a setter for field tableIdentifier
2026-07-17 23:48:35,010 INFO  org.apache.flink.api.java.typeutils.TypeExtractor            [] - Class class org.apache.flink.sql.parser.ddl.SqlAlterMaterializedTableDropDistribution cannot be used as a POJO type because not all fields are valid POJO fields, and must be processed as GenericType. Please read the Flink documentation on "Data Types & Serialization" for details of the effect on performance and schema evolution.
2026-07-17 23:48:35,010 INFO  org.apache.flink.api.java.typeutils.TypeExtractor            [] - class org.apache.flink.sql.parser.ddl.SqlAlterModelRename does not contain a setter for field newModelName
2026-07-17 23:48:35,010 INFO  org.apache.flink.api.java.typeutils.TypeExtractor            [] - Class class org.apache.flink.sql.parser.ddl.SqlAlterModelRename cannot be used as a POJO type because not all fields are valid POJO fields, and must be processed as GenericType. Please read the Flink documentation on "Data Types & Serialization" for details of the effect on performance and schema evolution.
2026-07-17 23:48:35,011 INFO  org.apache.flink.api.java.typeutils.TypeExtractor            [] - class org.apache.flink.sql.parser.ddl.SqlAlterModelReset does not contain a getter for field optionKeyList
2026-07-17 23:48:35,011 INFO  org.apache.flink.api.java.typeutils.TypeExtractor            [] - class org.apache.flink.sql.parser.ddl.SqlAlterModelReset does not contain a setter for field optionKeyList
2026-07-17 23:48:35,011 INFO  org.apache.flink.api.java.typeutils.TypeExtractor            [] - Class class org.apache.flink.sql.parser.ddl.SqlAlterModelReset cannot be used as a POJO type because not all fields are valid POJO fields, and must be processed as GenericType. Please read the Flink documentation on "Data Types & Serialization" for details of the effect on performance and schema evolution.
2026-07-17 23:48:35,011 INFO  org.apache.flink.api.java.typeutils.TypeExtractor            [] - class org.apache.flink.sql.parser.ddl.SqlAlterModelSet does not contain a getter for field modelOptionList
2026-07-17 23:48:35,011 INFO  org.apache.flink.api.java.typeutils.TypeExtractor            [] - class org.apache.flink.sql.parser.ddl.SqlAlterModelSet does not contain a setter for field modelOptionList
2026-07-17 23:48:35,011 INFO  org.apache.flink.api.java.typeutils.TypeExtractor            [] - Class class org.apache.flink.sql.parser.ddl.SqlAlterModelSet cannot be used as a POJO type because not all fields are valid POJO fields, and must be processed as GenericType. Please read the Flink documentation on "Data Types & Serialization" for details of the effect on performance and schema evolution.
2026-07-17 23:48:35,011 INFO  org.apache.flink.api.java.typeutils.TypeExtractor            [] - class org.apache.flink.sql.parser.ddl.SqlDropMaterializedTable does not contain a getter for field tableIdentifier
2026-07-17 23:48:35,011 INFO  org.apache.flink.api.java.typeutils.TypeExtractor            [] - class org.apache.flink.sql.parser.ddl.SqlDropMaterializedTable does not contain a setter for field tableIdentifier
2026-07-17 23:48:35,011 INFO  org.apache.flink.api.java.typeutils.TypeExtractor            [] - Class class org.apache.flink.sql.parser.ddl.SqlDropMaterializedTable cannot be used as a POJO type because not all fields are valid POJO fields, and must be processed as GenericType. Please read the Flink documentation on "Data Types & Serialization" for details of the effect on performance and schema evolution.
2026-07-17 23:48:35,012 INFO  org.apache.flink.api.java.typeutils.TypeExtractor            [] - class org.apache.flink.sql.parser.dql.SqlShowTables does not contain a getter for field kind
2026-07-17 23:48:35,012 INFO  org.apache.flink.api.java.typeutils.TypeExtractor            [] - class org.apache.flink.sql.parser.dql.SqlShowTables does not contain a setter for field kind
2026-07-17 23:48:35,012 INFO  org.apache.flink.api.java.typeutils.TypeExtractor            [] - Class class org.apache.flink.sql.parser.dql.SqlShowTables cannot be used as a POJO type because not all fields are valid POJO fields, and must be processed as GenericType. Please read the Flink documentation on "Data Types & Serialization" for details of the effect on performance and schema evolution.
2026-07-17 23:48:35,012 INFO  org.apache.flink.api.java.typeutils.TypeExtractor            [] - class org.apache.flink.sql.parser.dql.SqlShowCatalogs does not contain a setter for field preposition
2026-07-17 23:48:35,012 INFO  org.apache.flink.api.java.typeutils.TypeExtractor            [] - Class class org.apache.flink.sql.parser.dql.SqlShowCatalogs cannot be used as a POJO type because not all fields are valid POJO fields, and must be processed as GenericType. Please read the Flink documentation on "Data Types & Serialization" for details of the effect on performance and schema evolution.
2026-07-17 23:48:35,012 INFO  org.apache.flink.api.java.typeutils.TypeExtractor            [] - class org.apache.flink.sql.parser.dql.SqlRichDescribeFunction does not contain a getter for field functionNameIdentifier
2026-07-17 23:48:35,012 INFO  org.apache.flink.api.java.typeutils.TypeExtractor            [] - class org.apache.flink.sql.parser.dql.SqlRichDescribeFunction does not contain a setter for field functionNameIdentifier
2026-07-17 23:48:35,012 INFO  org.apache.flink.api.java.typeutils.TypeExtractor            [] - Class class org.apache.flink.sql.parser.dql.SqlRichDescribeFunction cannot be used as a POJO type because not all fields are valid POJO fields, and must be processed as GenericType. Please read the Flink documentation on "Data Types & Serialization" for details of the effect on performance and schema evolution.
2026-07-17 23:48:35,012 INFO  org.apache.flink.api.java.typeutils.TypeExtractor            [] - class org.apache.flink.sql.parser.dql.SqlRichDescribeModel does not contain a getter for field modelNameIdentifier
2026-07-17 23:48:35,012 INFO  org.apache.flink.api.java.typeutils.TypeExtractor            [] - class org.apache.flink.sql.parser.dql.SqlRichDescribeModel does not contain a setter for field modelNameIdentifier
2026-07-17 23:48:35,012 INFO  org.apache.flink.api.java.typeutils.TypeExtractor            [] - Class class org.apache.flink.sql.parser.dql.SqlRichDescribeModel cannot be used as a POJO type because not all fields are valid POJO fields, and must be processed as GenericType. Please read the Flink documentation on "Data Types & Serialization" for details of the effect on performance and schema evolution.
2026-07-17 23:48:35,013 INFO  org.apache.flink.api.java.typeutils.TypeExtractor            [] - class org.apache.flink.sql.parser.ddl.SqlCreateTableAs does not contain a setter for field asQuery
2026-07-17 23:48:35,013 INFO  org.apache.flink.api.java.typeutils.TypeExtractor            [] - Class class org.apache.flink.sql.parser.ddl.SqlCreateTableAs cannot be used as a POJO type because not all fields are valid POJO fields, and must be processed as GenericType. Please read the Flink documentation on "Data Types & Serialization" for details of the effect on performance and schema evolution.
2026-07-17 23:48:35,013 INFO  org.apache.flink.api.java.typeutils.TypeExtractor            [] - class org.apache.flink.sql.parser.ddl.SqlCreateTable does not contain a setter for field tableName
2026-07-17 23:48:35,013 INFO  org.apache.flink.api.java.typeutils.TypeExtractor            [] - Class class org.apache.flink.sql.parser.ddl.SqlCreateTable cannot be used as a POJO type because not all fields are valid POJO fields, and must be processed as GenericType. Please read the Flink documentation on "Data Types & Serialization" for details of the effect on performance and schema evolution.
2026-07-17 23:48:35,013 INFO  org.apache.flink.api.java.typeutils.TypeExtractor            [] - class org.apache.flink.sql.parser.ddl.SqlCreateTableLike does not contain a setter for field tableLike
2026-07-17 23:48:35,013 INFO  org.apache.flink.api.java.typeutils.TypeExtractor            [] - Class class org.apache.flink.sql.parser.ddl.SqlCreateTableLike cannot be used as a POJO type because not all fields are valid POJO fields, and must be processed as GenericType. Please read the Flink documentation on "Data Types & Serialization" for details of the effect on performance and schema evolution.
2026-07-17 23:48:35,014 INFO  org.apache.flink.api.java.typeutils.TypeExtractor            [] - class org.apache.flink.sql.parser.ddl.SqlAlterTableDropPrimaryKey does not contain a getter for field tableIdentifier
2026-07-17 23:48:35,014 INFO  org.apache.flink.api.java.typeutils.TypeExtractor            [] - class org.apache.flink.sql.parser.ddl.SqlAlterTableDropPrimaryKey does not contain a setter for field tableIdentifier
2026-07-17 23:48:35,014 INFO  org.apache.flink.api.java.typeutils.TypeExtractor            [] - Class class org.apache.flink.sql.parser.ddl.SqlAlterTableDropPrimaryKey cannot be used as a POJO type because not all fields are valid POJO fields, and must be processed as GenericType. Please read the Flink documentation on "Data Types & Serialization" for details of the effect on performance and schema evolution.
2026-07-17 23:48:35,014 INFO  org.apache.flink.api.java.typeutils.TypeExtractor            [] - class org.apache.flink.sql.parser.ddl.SqlAlterTableDropColumn does not contain a setter for field columnList
2026-07-17 23:48:35,014 INFO  org.apache.flink.api.java.typeutils.TypeExtractor            [] - Class class org.apache.flink.sql.parser.ddl.SqlAlterTableDropColumn cannot be used as a POJO type because not all fields are valid POJO fields, and must be processed as GenericType. Please read the Flink documentation on "Data Types & Serialization" for details of the effect on performance and schema evolution.
2026-07-17 23:48:35,014 INFO  org.apache.flink.api.java.typeutils.TypeExtractor            [] - class org.apache.flink.sql.parser.ddl.SqlAlterTableDropConstraint does not contain a setter for field constraintName
2026-07-17 23:48:35,014 INFO  org.apache.flink.api.java.typeutils.TypeExtractor            [] - Class class org.apache.flink.sql.parser.ddl.SqlAlterTableDropConstraint cannot be used as a POJO type because not all fields are valid POJO fields, and must be processed as GenericType. Please read the Flink documentation on "Data Types & Serialization" for details of the effect on performance and schema evolution.
2026-07-17 23:48:35,014 INFO  org.apache.flink.api.java.typeutils.TypeExtractor            [] - class org.apache.flink.sql.parser.ddl.SqlAlterTableDropWatermark does not contain a getter for field tableIdentifier
2026-07-17 23:48:35,014 INFO  org.apache.flink.api.java.typeutils.TypeExtractor            [] - class org.apache.flink.sql.parser.ddl.SqlAlterTableDropWatermark does not contain a setter for field tableIdentifier
2026-07-17 23:48:35,014 INFO  org.apache.flink.api.java.typeutils.TypeExtractor            [] - Class class org.apache.flink.sql.parser.ddl.SqlAlterTableDropWatermark cannot be used as a POJO type because not all fields are valid POJO fields, and must be processed as GenericType. Please read the Flink documentation on "Data Types & Serialization" for details of the effect on performance and schema evolution.
2026-07-17 23:48:35,015 INFO  org.apache.flink.api.java.typeutils.TypeExtractor            [] - class org.apache.flink.sql.parser.ddl.SqlAlterTableDropDistribution does not contain a getter for field tableIdentifier
2026-07-17 23:48:35,015 INFO  org.apache.flink.api.java.typeutils.TypeExtractor            [] - class org.apache.flink.sql.parser.ddl.SqlAlterTableDropDistribution does not contain a setter for field tableIdentifier
2026-07-17 23:48:35,015 INFO  org.apache.flink.api.java.typeutils.TypeExtractor            [] - Class class org.apache.flink.sql.parser.ddl.SqlAlterTableDropDistribution cannot be used as a POJO type because not all fields are valid POJO fields, and must be processed as GenericType. Please read the Flink documentation on "Data Types & Serialization" for details of the effect on performance and schema evolution.
2026-07-17 23:48:35,015 INFO  org.apache.flink.api.java.typeutils.TypeExtractor            [] - class org.apache.flink.sql.parser.ddl.SqlAlterTableRenameColumn does not contain a getter for field originColumnIdentifier
2026-07-17 23:48:35,015 INFO  org.apache.flink.api.java.typeutils.TypeExtractor            [] - class org.apache.flink.sql.parser.ddl.SqlAlterTableRenameColumn does not contain a setter for field originColumnIdentifier
2026-07-17 23:48:35,015 INFO  org.apache.flink.api.java.typeutils.TypeExtractor            [] - Class class org.apache.flink.sql.parser.ddl.SqlAlterTableRenameColumn cannot be used as a POJO type because not all fields are valid POJO fields, and must be processed as GenericType. Please read the Flink documentation on "Data Types & Serialization" for details of the effect on performance and schema evolution.
2026-07-17 23:48:35,015 INFO  org.apache.flink.api.java.typeutils.TypeExtractor            [] - class org.apache.flink.sql.parser.ddl.SqlAlterTableReset does not contain a setter for field propertyKeyList
2026-07-17 23:48:35,015 INFO  org.apache.flink.api.java.typeutils.TypeExtractor            [] - Class class org.apache.flink.sql.parser.ddl.SqlAlterTableReset cannot be used as a POJO type because not all fields are valid POJO fields, and must be processed as GenericType. Please read the Flink documentation on "Data Types & Serialization" for details of the effect on performance and schema evolution.
2026-07-17 23:48:35,015 INFO  org.apache.flink.api.java.typeutils.TypeExtractor            [] - class org.apache.flink.sql.parser.ddl.SqlAlterTableOptions does not contain a setter for field propertyList
2026-07-17 23:48:35,015 INFO  org.apache.flink.api.java.typeutils.TypeExtractor            [] - Class class org.apache.flink.sql.parser.ddl.SqlAlterTableOptions cannot be used as a POJO type because not all fields are valid POJO fields, and must be processed as GenericType. Please read the Flink documentation on "Data Types & Serialization" for details of the effect on performance and schema evolution.
2026-07-17 23:48:35,016 INFO  org.apache.flink.api.java.typeutils.TypeExtractor            [] - class org.apache.flink.sql.parser.ddl.SqlAlterTableModify does not contain a getter for field columnList
2026-07-17 23:48:35,016 INFO  org.apache.flink.api.java.typeutils.TypeExtractor            [] - class org.apache.flink.sql.parser.ddl.SqlAlterTableModify does not contain a setter for field columnList
2026-07-17 23:48:35,016 INFO  org.apache.flink.api.java.typeutils.TypeExtractor            [] - Class class org.apache.flink.sql.parser.ddl.SqlAlterTableModify cannot be used as a POJO type because not all fields are valid POJO fields, and must be processed as GenericType. Please read the Flink documentation on "Data Types & Serialization" for details of the effect on performance and schema evolution.
2026-07-17 23:48:35,016 INFO  org.apache.flink.api.java.typeutils.TypeExtractor            [] - class org.apache.flink.sql.parser.ddl.SqlAlterTableAdd does not contain a getter for field columnList
2026-07-17 23:48:35,016 INFO  org.apache.flink.api.java.typeutils.TypeExtractor            [] - class org.apache.flink.sql.parser.ddl.SqlAlterTableAdd does not contain a setter for field columnList
2026-07-17 23:48:35,016 INFO  org.apache.flink.api.java.typeutils.TypeExtractor            [] - Class class org.apache.flink.sql.parser.ddl.SqlAlterTableAdd cannot be used as a POJO type because not all fields are valid POJO fields, and must be processed as GenericType. Please read the Flink documentation on "Data Types & Serialization" for details of the effect on performance and schema evolution.
2026-07-17 23:48:35,017 INFO  org.apache.flink.api.java.typeutils.TypeExtractor            [] - class org.apache.flink.sql.parser.ddl.SqlAlterTableRename does not contain a getter for field newTableIdentifier
2026-07-17 23:48:35,017 INFO  org.apache.flink.api.java.typeutils.TypeExtractor            [] - class org.apache.flink.sql.parser.ddl.SqlAlterTableRename does not contain a setter for field newTableIdentifier
2026-07-17 23:48:35,017 INFO  org.apache.flink.api.java.typeutils.TypeExtractor            [] - Class class org.apache.flink.sql.parser.ddl.SqlAlterTableRename cannot be used as a POJO type because not all fields are valid POJO fields, and must be processed as GenericType. Please read the Flink documentation on "Data Types & Serialization" for details of the effect on performance and schema evolution.
2026-07-17 23:48:35,030 WARN  org.apache.paimon.utils.HadoopUtils                          [] - Could not find Hadoop configuration via any of the supported methods
2026-07-17 23:48:35,061 WARN  org.apache.paimon.utils.HadoopUtils                          [] - Could not find Hadoop configuration via any of the supported methods
2026-07-17 23:48:35,610 INFO  org.apache.paimon.flink.FlinkCatalog                         [] - Creating Flink catalog: metastore=filesystem
2026-07-17 23:48:35,803 INFO  org.apache.flink.table.catalog.CatalogManager                [] - Set the current default catalog as [paimon_catalog] and the current default database as [default].
2026-07-17 23:48:36,996 INFO  org.apache.paimon.flink.AbstractFlinkTableFactory            [] - Loading dynamic table options for processed_transactions in table config: {blob.server.port=6124, jobmanager.execution.failover-strategy=region, jobmanager.rpc.address=jobmanager, sql-gateway.endpoint.rest.port=38009, query.server.port=6125, jobmanager.bind-host=0.0.0.0, table.resources.download-dir=/tmp/sql-gateway-0b068c25-74a5-4247-8c49-65a4eb7e0e37, __table.query-start.epoch-time__=1784332116990, parallelism.default=1, taskmanager.numberOfTaskSlots=1, env.java.opts.all=--add-exports=java.rmi/sun.rmi.registry=ALL-UNNAMED --add-exports=jdk.compiler/com.sun.tools.javac.api=ALL-UNNAMED --add-exports=jdk.compiler/com.sun.tools.javac.file=ALL-UNNAMED --add-exports=jdk.compiler/com.sun.tools.javac.parser=ALL-UNNAMED --add-exports=jdk.compiler/com.sun.tools.javac.tree=ALL-UNNAMED --add-exports=jdk.compiler/com.sun.tools.javac.util=ALL-UNNAMED --add-exports=java.security.jgss/sun.security.krb5=ALL-UNNAMED --add-opens=java.base/java.lang=ALL-UNNAMED --add-opens=java.base/java.net=ALL-UNNAMED --add-opens=java.base/java.io=ALL-UNNAMED --add-opens=java.base/java.nio=ALL-UNNAMED --add-opens=java.base/sun.nio.ch=ALL-UNNAMED --add-opens=java.base/java.lang.reflect=ALL-UNNAMED --add-opens=java.base/java.text=ALL-UNNAMED --add-opens=java.base/java.time=ALL-UNNAMED --add-opens=java.base/java.util=ALL-UNNAMED --add-opens=java.base/java.util.concurrent=ALL-UNNAMED --add-opens=java.base/java.util.concurrent.atomic=ALL-UNNAMED --add-opens=java.base/java.util.concurrent.locks=ALL-UNNAMED, taskmanager.memory.process.size=1728m, execution.checkpointing.mode=EXACTLY_ONCE, taskmanager.bind-host=0.0.0.0, sql-gateway.endpoint.rest.address=localhost, execution.target=remote, jobmanager.memory.process.size=1600m, __table.query-start.current-database__=default, jobmanager.rpc.port=6123, execution.state-recovery.claim-mode=NO_CLAIM, execution.checkpointing.interval=60s, execution.checkpointing.timeout=600s, execution.attached=true, execution.shutdown-on-attached-exit=false, __table.query-start.local-time__=1784332116990, rest.address=0.0.0.0, execution.state-recovery.ignore-unclaimed-state=false, execution.checkpointing.min-pause=5s, $internal.deployment.config-dir=/opt/flink/conf}
2026-07-17 23:48:37,721 INFO  org.apache.flink.client.program.rest.RestClusterClient       [] - Submitting job 'insert-into_paimon_catalog.default.processed_transactions' (ea8ff574e63093d2011ffdde00c699f4).
2026-07-17 23:48:37,730 WARN  org.apache.flink.client.program.rest.RestClusterClient       [] - Attempt to submit job 'insert-into_paimon_catalog.default.processed_transactions' (ea8ff574e63093d2011ffdde00c699f4) to 'http://0.0.0.0:8081' has failed.
java.util.concurrent.CompletionException: org.apache.flink.shaded.netty4.io.netty.channel.AbstractChannel$AnnotatedConnectException: Connection refused: /0.0.0.0:8081
	at java.base/java.util.concurrent.CompletableFuture.encodeThrowable(Unknown Source) ~[?:?]
	at java.base/java.util.concurrent.CompletableFuture.completeThrowable(Unknown Source) ~[?:?]
	at java.base/java.util.concurrent.CompletableFuture$UniCompose.tryFire(Unknown Source) ~[?:?]
	at java.base/java.util.concurrent.CompletableFuture.postComplete(Unknown Source) ~[?:?]
	at java.base/java.util.concurrent.CompletableFuture.completeExceptionally(Unknown Source) ~[?:?]
	at org.apache.flink.runtime.rest.RestClient.lambda$submitRequest$4(RestClient.java:617) ~[flink-dist-2.2.1.jar:2.2.1]
	at org.apache.flink.shaded.netty4.io.netty.util.concurrent.DefaultPromise.notifyListener0(DefaultPromise.java:590) ~[flink-dist-2.2.1.jar:2.2.1]
	at org.apache.flink.shaded.netty4.io.netty.util.concurrent.DefaultPromise.notifyListeners0(DefaultPromise.java:583) ~[flink-dist-2.2.1.jar:2.2.1]
	at org.apache.flink.shaded.netty4.io.netty.util.concurrent.DefaultPromise.notifyListenersNow(DefaultPromise.java:559) ~[flink-dist-2.2.1.jar:2.2.1]
	at org.apache.flink.shaded.netty4.io.netty.util.concurrent.DefaultPromise.notifyListeners(DefaultPromise.java:492) ~[flink-dist-2.2.1.jar:2.2.1]
	at org.apache.flink.shaded.netty4.io.netty.util.concurrent.DefaultPromise.setValue0(DefaultPromise.java:636) ~[flink-dist-2.2.1.jar:2.2.1]
	at org.apache.flink.shaded.netty4.io.netty.util.concurrent.DefaultPromise.setFailure0(DefaultPromise.java:629) ~[flink-dist-2.2.1.jar:2.2.1]
	at org.apache.flink.shaded.netty4.io.netty.util.concurrent.DefaultPromise.tryFailure(DefaultPromise.java:118) ~[flink-dist-2.2.1.jar:2.2.1]
	at org.apache.flink.shaded.netty4.io.netty.channel.nio.AbstractNioChannel$AbstractNioUnsafe.fulfillConnectPromise(AbstractNioChannel.java:321) ~[flink-dist-2.2.1.jar:2.2.1]
	at org.apache.flink.shaded.netty4.io.netty.channel.nio.AbstractNioChannel$AbstractNioUnsafe.finishConnect(AbstractNioChannel.java:337) ~[flink-dist-2.2.1.jar:2.2.1]
	at org.apache.flink.shaded.netty4.io.netty.channel.nio.NioEventLoop.processSelectedKey(NioEventLoop.java:776) ~[flink-dist-2.2.1.jar:2.2.1]
	at org.apache.flink.shaded.netty4.io.netty.channel.nio.NioEventLoop.processSelectedKeysOptimized(NioEventLoop.java:724) ~[flink-dist-2.2.1.jar:2.2.1]
	at org.apache.flink.shaded.netty4.io.netty.channel.nio.NioEventLoop.processSelectedKeys(NioEventLoop.java:650) ~[flink-dist-2.2.1.jar:2.2.1]
	at org.apache.flink.shaded.netty4.io.netty.channel.nio.NioEventLoop.run(NioEventLoop.java:562) ~[flink-dist-2.2.1.jar:2.2.1]
	at org.apache.flink.shaded.netty4.io.netty.util.concurrent.SingleThreadEventExecutor$4.run(SingleThreadEventExecutor.java:997) ~[flink-dist-2.2.1.jar:2.2.1]
	at org.apache.flink.shaded.netty4.io.netty.util.internal.ThreadExecutorMap$2.run(ThreadExecutorMap.java:74) ~[flink-dist-2.2.1.jar:2.2.1]
	at java.base/java.lang.Thread.run(Unknown Source) [?:?]
Caused by: org.apache.flink.shaded.netty4.io.netty.channel.AbstractChannel$AnnotatedConnectException: Connection refused: /0.0.0.0:8081
Caused by: java.net.ConnectException: Connection refused
	at java.base/sun.nio.ch.Net.pollConnect(Native Method) ~[?:?]
	at java.base/sun.nio.ch.Net.pollConnectNow(Unknown Source) ~[?:?]
	at java.base/sun.nio.ch.SocketChannelImpl.finishConnect(Unknown Source) ~[?:?]
	at org.apache.flink.shaded.netty4.io.netty.channel.socket.nio.NioSocketChannel.doFinishConnect(NioSocketChannel.java:337) ~[flink-dist-2.2.1.jar:2.2.1]
	at org.apache.flink.shaded.netty4.io.netty.channel.nio.AbstractNioChannel$AbstractNioUnsafe.finishConnect(AbstractNioChannel.java:334) ~[flink-dist-2.2.1.jar:2.2.1]
	... 7 more
2026-07-17 23:48:40,742 WARN  org.apache.flink.client.program.rest.RestClusterClient       [] - Attempt to submit job 'insert-into_paimon_catalog.default.processed_transactions' (ea8ff574e63093d2011ffdde00c699f4) to 'http://0.0.0.0:8081' has failed.
java.util.concurrent.CompletionException: org.apache.flink.shaded.netty4.io.netty.channel.AbstractChannel$AnnotatedConnectException: Connection refused: /0.0.0.0:8081
	at java.base/java.util.concurrent.CompletableFuture.encodeThrowable(Unknown Source) ~[?:?]
	at java.base/java.util.concurrent.CompletableFuture.completeThrowable(Unknown Source) ~[?:?]
	at java.base/java.util.concurrent.CompletableFuture$UniCompose.tryFire(Unknown Source) ~[?:?]
	at java.base/java.util.concurrent.CompletableFuture.postComplete(Unknown Source) ~[?:?]
	at java.base/java.util.concurrent.CompletableFuture.completeExceptionally(Unknown Source) ~[?:?]
	at org.apache.flink.runtime.rest.RestClient.lambda$submitRequest$4(RestClient.java:617) ~[flink-dist-2.2.1.jar:2.2.1]
	at org.apache.flink.shaded.netty4.io.netty.util.concurrent.DefaultPromise.notifyListener0(DefaultPromise.java:590) ~[flink-dist-2.2.1.jar:2.2.1]
	at org.apache.flink.shaded.netty4.io.netty.util.concurrent.DefaultPromise.notifyListeners0(DefaultPromise.java:583) ~[flink-dist-2.2.1.jar:2.2.1]
	at org.apache.flink.shaded.netty4.io.netty.util.concurrent.DefaultPromise.notifyListenersNow(DefaultPromise.java:559) ~[flink-dist-2.2.1.jar:2.2.1]
	at org.apache.flink.shaded.netty4.io.netty.util.concurrent.DefaultPromise.notifyListeners(DefaultPromise.java:492) ~[flink-dist-2.2.1.jar:2.2.1]
	at org.apache.flink.shaded.netty4.io.netty.util.concurrent.DefaultPromise.setValue0(DefaultPromise.java:636) ~[flink-dist-2.2.1.jar:2.2.1]
	at org.apache.flink.shaded.netty4.io.netty.util.concurrent.DefaultPromise.setFailure0(DefaultPromise.java:629) ~[flink-dist-2.2.1.jar:2.2.1]
	at org.apache.flink.shaded.netty4.io.netty.util.concurrent.DefaultPromise.tryFailure(DefaultPromise.java:118) ~[flink-dist-2.2.1.jar:2.2.1]
	at org.apache.flink.shaded.netty4.io.netty.channel.nio.AbstractNioChannel$AbstractNioUnsafe.fulfillConnectPromise(AbstractNioChannel.java:321) ~[flink-dist-2.2.1.jar:2.2.1]
	at org.apache.flink.shaded.netty4.io.netty.channel.nio.AbstractNioChannel$AbstractNioUnsafe.finishConnect(AbstractNioChannel.java:337) ~[flink-dist-2.2.1.jar:2.2.1]
	at org.apache.flink.shaded.netty4.io.netty.channel.nio.NioEventLoop.processSelectedKey(NioEventLoop.java:776) ~[flink-dist-2.2.1.jar:2.2.1]
	at org.apache.flink.shaded.netty4.io.netty.channel.nio.NioEventLoop.processSelectedKeysOptimized(NioEventLoop.java:724) ~[flink-dist-2.2.1.jar:2.2.1]
	at org.apache.flink.shaded.netty4.io.netty.channel.nio.NioEventLoop.processSelectedKeys(NioEventLoop.java:650) ~[flink-dist-2.2.1.jar:2.2.1]
	at org.apache.flink.shaded.netty4.io.netty.channel.nio.NioEventLoop.run(NioEventLoop.java:562) ~[flink-dist-2.2.1.jar:2.2.1]
	at org.apache.flink.shaded.netty4.io.netty.util.concurrent.SingleThreadEventExecutor$4.run(SingleThreadEventExecutor.java:997) ~[flink-dist-2.2.1.jar:2.2.1]
	at org.apache.flink.shaded.netty4.io.netty.util.internal.ThreadExecutorMap$2.run(ThreadExecutorMap.java:74) ~[flink-dist-2.2.1.jar:2.2.1]
	at java.base/java.lang.Thread.run(Unknown Source) [?:?]
Caused by: org.apache.flink.shaded.netty4.io.netty.channel.AbstractChannel$AnnotatedConnectException: Connection refused: /0.0.0.0:8081
Caused by: java.net.ConnectException: Connection refused
	at java.base/sun.nio.ch.Net.pollConnect(Native Method) ~[?:?]
	at java.base/sun.nio.ch.Net.pollConnectNow(Unknown Source) ~[?:?]
	at java.base/sun.nio.ch.SocketChannelImpl.finishConnect(Unknown Source) ~[?:?]
	at org.apache.flink.shaded.netty4.io.netty.channel.socket.nio.NioSocketChannel.doFinishConnect(NioSocketChannel.java:337) ~[flink-dist-2.2.1.jar:2.2.1]
	at org.apache.flink.shaded.netty4.io.netty.channel.nio.AbstractNioChannel$AbstractNioUnsafe.finishConnect(AbstractNioChannel.java:334) ~[flink-dist-2.2.1.jar:2.2.1]
	... 7 more
2026-07-17 23:48:43,745 WARN  org.apache.flink.client.program.rest.RestClusterClient       [] - Attempt to submit job 'insert-into_paimon_catalog.default.processed_transactions' (ea8ff574e63093d2011ffdde00c699f4) to 'http://0.0.0.0:8081' has failed.
java.util.concurrent.CompletionException: org.apache.flink.shaded.netty4.io.netty.channel.AbstractChannel$AnnotatedConnectException: Connection refused: /0.0.0.0:8081
	at java.base/java.util.concurrent.CompletableFuture.encodeThrowable(Unknown Source) ~[?:?]
	at java.base/java.util.concurrent.CompletableFuture.completeThrowable(Unknown Source) ~[?:?]
	at java.base/java.util.concurrent.CompletableFuture$UniCompose.tryFire(Unknown Source) ~[?:?]
	at java.base/java.util.concurrent.CompletableFuture.postComplete(Unknown Source) ~[?:?]
	at java.base/java.util.concurrent.CompletableFuture.completeExceptionally(Unknown Source) ~[?:?]
	at org.apache.flink.runtime.rest.RestClient.lambda$submitRequest$4(RestClient.java:617) ~[flink-dist-2.2.1.jar:2.2.1]
	at org.apache.flink.shaded.netty4.io.netty.util.concurrent.DefaultPromise.notifyListener0(DefaultPromise.java:590) ~[flink-dist-2.2.1.jar:2.2.1]
	at org.apache.flink.shaded.netty4.io.netty.util.concurrent.DefaultPromise.notifyListeners0(DefaultPromise.java:583) ~[flink-dist-2.2.1.jar:2.2.1]
	at org.apache.flink.shaded.netty4.io.netty.util.concurrent.DefaultPromise.notifyListenersNow(DefaultPromise.java:559) ~[flink-dist-2.2.1.jar:2.2.1]
	at org.apache.flink.shaded.netty4.io.netty.util.concurrent.DefaultPromise.notifyListeners(DefaultPromise.java:492) ~[flink-dist-2.2.1.jar:2.2.1]
	at org.apache.flink.shaded.netty4.io.netty.util.concurrent.DefaultPromise.setValue0(DefaultPromise.java:636) ~[flink-dist-2.2.1.jar:2.2.1]
	at org.apache.flink.shaded.netty4.io.netty.util.concurrent.DefaultPromise.setFailure0(DefaultPromise.java:629) ~[flink-dist-2.2.1.jar:2.2.1]
	at org.apache.flink.shaded.netty4.io.netty.util.concurrent.DefaultPromise.tryFailure(DefaultPromise.java:118) ~[flink-dist-2.2.1.jar:2.2.1]
	at org.apache.flink.shaded.netty4.io.netty.channel.nio.AbstractNioChannel$AbstractNioUnsafe.fulfillConnectPromise(AbstractNioChannel.java:321) ~[flink-dist-2.2.1.jar:2.2.1]
	at org.apache.flink.shaded.netty4.io.netty.channel.nio.AbstractNioChannel$AbstractNioUnsafe.finishConnect(AbstractNioChannel.java:337) ~[flink-dist-2.2.1.jar:2.2.1]
	at org.apache.flink.shaded.netty4.io.netty.channel.nio.NioEventLoop.processSelectedKey(NioEventLoop.java:776) ~[flink-dist-2.2.1.jar:2.2.1]
	at org.apache.flink.shaded.netty4.io.netty.channel.nio.NioEventLoop.processSelectedKeysOptimized(NioEventLoop.java:724) ~[flink-dist-2.2.1.jar:2.2.1]
	at org.apache.flink.shaded.netty4.io.netty.channel.nio.NioEventLoop.processSelectedKeys(NioEventLoop.java:650) ~[flink-dist-2.2.1.jar:2.2.1]
	at org.apache.flink.shaded.netty4.io.netty.channel.nio.NioEventLoop.run(NioEventLoop.java:562) ~[flink-dist-2.2.1.jar:2.2.1]
	at org.apache.flink.shaded.netty4.io.netty.util.concurrent.SingleThreadEventExecutor$4.run(SingleThreadEventExecutor.java:997) ~[flink-dist-2.2.1.jar:2.2.1]
	at org.apache.flink.shaded.netty4.io.netty.util.internal.ThreadExecutorMap$2.run(ThreadExecutorMap.java:74) ~[flink-dist-2.2.1.jar:2.2.1]
	at java.base/java.lang.Thread.run(Unknown Source) [?:?]
Caused by: org.apache.flink.shaded.netty4.io.netty.channel.AbstractChannel$AnnotatedConnectException: Connection refused: /0.0.0.0:8081
Caused by: java.net.ConnectException: Connection refused
	at java.base/sun.nio.ch.Net.pollConnect(Native Method) ~[?:?]
	at java.base/sun.nio.ch.Net.pollConnectNow(Unknown Source) ~[?:?]
	at java.base/sun.nio.ch.SocketChannelImpl.finishConnect(Unknown Source) ~[?:?]
	at org.apache.flink.shaded.netty4.io.netty.channel.socket.nio.NioSocketChannel.doFinishConnect(NioSocketChannel.java:337) ~[flink-dist-2.2.1.jar:2.2.1]
	at org.apache.flink.shaded.netty4.io.netty.channel.nio.AbstractNioChannel$AbstractNioUnsafe.finishConnect(AbstractNioChannel.java:334) ~[flink-dist-2.2.1.jar:2.2.1]
	... 7 more
2026-07-17 23:48:46,748 WARN  org.apache.flink.client.program.rest.RestClusterClient       [] - Attempt to submit job 'insert-into_paimon_catalog.default.processed_transactions' (ea8ff574e63093d2011ffdde00c699f4) to 'http://0.0.0.0:8081' has failed.
java.util.concurrent.CompletionException: org.apache.flink.shaded.netty4.io.netty.channel.AbstractChannel$AnnotatedConnectException: Connection refused: /0.0.0.0:8081
	at java.base/java.util.concurrent.CompletableFuture.encodeThrowable(Unknown Source) ~[?:?]
	at java.base/java.util.concurrent.CompletableFuture.completeThrowable(Unknown Source) ~[?:?]
	at java.base/java.util.concurrent.CompletableFuture$UniCompose.tryFire(Unknown Source) ~[?:?]
	at java.base/java.util.concurrent.CompletableFuture.postComplete(Unknown Source) ~[?:?]
	at java.base/java.util.concurrent.CompletableFuture.completeExceptionally(Unknown Source) ~[?:?]
	at org.apache.flink.runtime.rest.RestClient.lambda$submitRequest$4(RestClient.java:617) ~[flink-dist-2.2.1.jar:2.2.1]
	at org.apache.flink.shaded.netty4.io.netty.util.concurrent.DefaultPromise.notifyListener0(DefaultPromise.java:590) ~[flink-dist-2.2.1.jar:2.2.1]
	at org.apache.flink.shaded.netty4.io.netty.util.concurrent.DefaultPromise.notifyListeners0(DefaultPromise.java:583) ~[flink-dist-2.2.1.jar:2.2.1]
	at org.apache.flink.shaded.netty4.io.netty.util.concurrent.DefaultPromise.notifyListenersNow(DefaultPromise.java:559) ~[flink-dist-2.2.1.jar:2.2.1]
	at org.apache.flink.shaded.netty4.io.netty.util.concurrent.DefaultPromise.notifyListeners(DefaultPromise.java:492) ~[flink-dist-2.2.1.jar:2.2.1]
	at org.apache.flink.shaded.netty4.io.netty.util.concurrent.DefaultPromise.setValue0(DefaultPromise.java:636) ~[flink-dist-2.2.1.jar:2.2.1]
	at org.apache.flink.shaded.netty4.io.netty.util.concurrent.DefaultPromise.setFailure0(DefaultPromise.java:629) ~[flink-dist-2.2.1.jar:2.2.1]
	at org.apache.flink.shaded.netty4.io.netty.util.concurrent.DefaultPromise.tryFailure(DefaultPromise.java:118) ~[flink-dist-2.2.1.jar:2.2.1]
	at org.apache.flink.shaded.netty4.io.netty.channel.nio.AbstractNioChannel$AbstractNioUnsafe.fulfillConnectPromise(AbstractNioChannel.java:321) ~[flink-dist-2.2.1.jar:2.2.1]
	at org.apache.flink.shaded.netty4.io.netty.channel.nio.AbstractNioChannel$AbstractNioUnsafe.finishConnect(AbstractNioChannel.java:337) ~[flink-dist-2.2.1.jar:2.2.1]
	at org.apache.flink.shaded.netty4.io.netty.channel.nio.NioEventLoop.processSelectedKey(NioEventLoop.java:776) ~[flink-dist-2.2.1.jar:2.2.1]
	at org.apache.flink.shaded.netty4.io.netty.channel.nio.NioEventLoop.processSelectedKeysOptimized(NioEventLoop.java:724) ~[flink-dist-2.2.1.jar:2.2.1]
	at org.apache.flink.shaded.netty4.io.netty.channel.nio.NioEventLoop.processSelectedKeys(NioEventLoop.java:650) ~[flink-dist-2.2.1.jar:2.2.1]
	at org.apache.flink.shaded.netty4.io.netty.channel.nio.NioEventLoop.run(NioEventLoop.java:562) ~[flink-dist-2.2.1.jar:2.2.1]
	at org.apache.flink.shaded.netty4.io.netty.util.concurrent.SingleThreadEventExecutor$4.run(SingleThreadEventExecutor.java:997) ~[flink-dist-2.2.1.jar:2.2.1]
	at org.apache.flink.shaded.netty4.io.netty.util.internal.ThreadExecutorMap$2.run(ThreadExecutorMap.java:74) ~[flink-dist-2.2.1.jar:2.2.1]
	at java.base/java.lang.Thread.run(Unknown Source) [?:?]
Caused by: org.apache.flink.shaded.netty4.io.netty.channel.AbstractChannel$AnnotatedConnectException: Connection refused: /0.0.0.0:8081
Caused by: java.net.ConnectException: Connection refused
	at java.base/sun.nio.ch.Net.pollConnect(Native Method) ~[?:?]
	at java.base/sun.nio.ch.Net.pollConnectNow(Unknown Source) ~[?:?]
	at java.base/sun.nio.ch.SocketChannelImpl.finishConnect(Unknown Source) ~[?:?]
	at org.apache.flink.shaded.netty4.io.netty.channel.socket.nio.NioSocketChannel.doFinishConnect(NioSocketChannel.java:337) ~[flink-dist-2.2.1.jar:2.2.1]
	at org.apache.flink.shaded.netty4.io.netty.channel.nio.AbstractNioChannel$AbstractNioUnsafe.finishConnect(AbstractNioChannel.java:334) ~[flink-dist-2.2.1.jar:2.2.1]
	... 7 more
2026-07-17 23:48:49,752 WARN  org.apache.flink.client.program.rest.RestClusterClient       [] - Attempt to submit job 'insert-into_paimon_catalog.default.processed_transactions' (ea8ff574e63093d2011ffdde00c699f4) to 'http://0.0.0.0:8081' has failed.
java.util.concurrent.CompletionException: org.apache.flink.shaded.netty4.io.netty.channel.AbstractChannel$AnnotatedConnectException: Connection refused: /0.0.0.0:8081
	at java.base/java.util.concurrent.CompletableFuture.encodeThrowable(Unknown Source) ~[?:?]
	at java.base/java.util.concurrent.CompletableFuture.completeThrowable(Unknown Source) ~[?:?]
	at java.base/java.util.concurrent.CompletableFuture$UniCompose.tryFire(Unknown Source) ~[?:?]
	at java.base/java.util.concurrent.CompletableFuture.postComplete(Unknown Source) ~[?:?]
	at java.base/java.util.concurrent.CompletableFuture.completeExceptionally(Unknown Source) ~[?:?]
	at org.apache.flink.runtime.rest.RestClient.lambda$submitRequest$4(RestClient.java:617) ~[flink-dist-2.2.1.jar:2.2.1]
	at org.apache.flink.shaded.netty4.io.netty.util.concurrent.DefaultPromise.notifyListener0(DefaultPromise.java:590) ~[flink-dist-2.2.1.jar:2.2.1]
	at org.apache.flink.shaded.netty4.io.netty.util.concurrent.DefaultPromise.notifyListeners0(DefaultPromise.java:583) ~[flink-dist-2.2.1.jar:2.2.1]
	at org.apache.flink.shaded.netty4.io.netty.util.concurrent.DefaultPromise.notifyListenersNow(DefaultPromise.java:559) ~[flink-dist-2.2.1.jar:2.2.1]
	at org.apache.flink.shaded.netty4.io.netty.util.concurrent.DefaultPromise.notifyListeners(DefaultPromise.java:492) ~[flink-dist-2.2.1.jar:2.2.1]
	at org.apache.flink.shaded.netty4.io.netty.util.concurrent.DefaultPromise.setValue0(DefaultPromise.java:636) ~[flink-dist-2.2.1.jar:2.2.1]
	at org.apache.flink.shaded.netty4.io.netty.util.concurrent.DefaultPromise.setFailure0(DefaultPromise.java:629) ~[flink-dist-2.2.1.jar:2.2.1]
	at org.apache.flink.shaded.netty4.io.netty.util.concurrent.DefaultPromise.tryFailure(DefaultPromise.java:118) ~[flink-dist-2.2.1.jar:2.2.1]
	at org.apache.flink.shaded.netty4.io.netty.channel.nio.AbstractNioChannel$AbstractNioUnsafe.fulfillConnectPromise(AbstractNioChannel.java:321) ~[flink-dist-2.2.1.jar:2.2.1]
	at org.apache.flink.shaded.netty4.io.netty.channel.nio.AbstractNioChannel$AbstractNioUnsafe.finishConnect(AbstractNioChannel.java:337) ~[flink-dist-2.2.1.jar:2.2.1]
	at org.apache.flink.shaded.netty4.io.netty.channel.nio.NioEventLoop.processSelectedKey(NioEventLoop.java:776) ~[flink-dist-2.2.1.jar:2.2.1]
	at org.apache.flink.shaded.netty4.io.netty.channel.nio.NioEventLoop.processSelectedKeysOptimized(NioEventLoop.java:724) ~[flink-dist-2.2.1.jar:2.2.1]
	at org.apache.flink.shaded.netty4.io.netty.channel.nio.NioEventLoop.processSelectedKeys(NioEventLoop.java:650) ~[flink-dist-2.2.1.jar:2.2.1]
	at org.apache.flink.shaded.netty4.io.netty.channel.nio.NioEventLoop.run(NioEventLoop.java:562) ~[flink-dist-2.2.1.jar:2.2.1]
	at org.apache.flink.shaded.netty4.io.netty.util.concurrent.SingleThreadEventExecutor$4.run(SingleThreadEventExecutor.java:997) ~[flink-dist-2.2.1.jar:2.2.1]
	at org.apache.flink.shaded.netty4.io.netty.util.internal.ThreadExecutorMap$2.run(ThreadExecutorMap.java:74) ~[flink-dist-2.2.1.jar:2.2.1]
	at java.base/java.lang.Thread.run(Unknown Source) [?:?]
Caused by: org.apache.flink.shaded.netty4.io.netty.channel.AbstractChannel$AnnotatedConnectException: Connection refused: /0.0.0.0:8081
Caused by: java.net.ConnectException: Connection refused
	at java.base/sun.nio.ch.Net.pollConnect(Native Method) ~[?:?]
	at java.base/sun.nio.ch.Net.pollConnectNow(Unknown Source) ~[?:?]
	at java.base/sun.nio.ch.SocketChannelImpl.finishConnect(Unknown Source) ~[?:?]
	at org.apache.flink.shaded.netty4.io.netty.channel.socket.nio.NioSocketChannel.doFinishConnect(NioSocketChannel.java:337) ~[flink-dist-2.2.1.jar:2.2.1]
	at org.apache.flink.shaded.netty4.io.netty.channel.nio.AbstractNioChannel$AbstractNioUnsafe.finishConnect(AbstractNioChannel.java:334) ~[flink-dist-2.2.1.jar:2.2.1]
	... 7 more
2026-07-17 23:48:52,756 WARN  org.apache.flink.client.program.rest.RestClusterClient       [] - Attempt to submit job 'insert-into_paimon_catalog.default.processed_transactions' (ea8ff574e63093d2011ffdde00c699f4) to 'http://0.0.0.0:8081' has failed.
java.util.concurrent.CompletionException: org.apache.flink.shaded.netty4.io.netty.channel.AbstractChannel$AnnotatedConnectException: Connection refused: /0.0.0.0:8081
	at java.base/java.util.concurrent.CompletableFuture.encodeThrowable(Unknown Source) ~[?:?]
	at java.base/java.util.concurrent.CompletableFuture.completeThrowable(Unknown Source) ~[?:?]
	at java.base/java.util.concurrent.CompletableFuture$UniCompose.tryFire(Unknown Source) ~[?:?]
	at java.base/java.util.concurrent.CompletableFuture.postComplete(Unknown Source) ~[?:?]
	at java.base/java.util.concurrent.CompletableFuture.completeExceptionally(Unknown Source) ~[?:?]
	at org.apache.flink.runtime.rest.RestClient.lambda$submitRequest$4(RestClient.java:617) ~[flink-dist-2.2.1.jar:2.2.1]
	at org.apache.flink.shaded.netty4.io.netty.util.concurrent.DefaultPromise.notifyListener0(DefaultPromise.java:590) ~[flink-dist-2.2.1.jar:2.2.1]
	at org.apache.flink.shaded.netty4.io.netty.util.concurrent.DefaultPromise.notifyListeners0(DefaultPromise.java:583) ~[flink-dist-2.2.1.jar:2.2.1]
	at org.apache.flink.shaded.netty4.io.netty.util.concurrent.DefaultPromise.notifyListenersNow(DefaultPromise.java:559) ~[flink-dist-2.2.1.jar:2.2.1]
	at org.apache.flink.shaded.netty4.io.netty.util.concurrent.DefaultPromise.notifyListeners(DefaultPromise.java:492) ~[flink-dist-2.2.1.jar:2.2.1]
	at org.apache.flink.shaded.netty4.io.netty.util.concurrent.DefaultPromise.setValue0(DefaultPromise.java:636) ~[flink-dist-2.2.1.jar:2.2.1]
	at org.apache.flink.shaded.netty4.io.netty.util.concurrent.DefaultPromise.setFailure0(DefaultPromise.java:629) ~[flink-dist-2.2.1.jar:2.2.1]
	at org.apache.flink.shaded.netty4.io.netty.util.concurrent.DefaultPromise.tryFailure(DefaultPromise.java:118) ~[flink-dist-2.2.1.jar:2.2.1]
	at org.apache.flink.shaded.netty4.io.netty.channel.nio.AbstractNioChannel$AbstractNioUnsafe.fulfillConnectPromise(AbstractNioChannel.java:321) ~[flink-dist-2.2.1.jar:2.2.1]
	at org.apache.flink.shaded.netty4.io.netty.channel.nio.AbstractNioChannel$AbstractNioUnsafe.finishConnect(AbstractNioChannel.java:337) ~[flink-dist-2.2.1.jar:2.2.1]
	at org.apache.flink.shaded.netty4.io.netty.channel.nio.NioEventLoop.processSelectedKey(NioEventLoop.java:776) ~[flink-dist-2.2.1.jar:2.2.1]
	at org.apache.flink.shaded.netty4.io.netty.channel.nio.NioEventLoop.processSelectedKeysOptimized(NioEventLoop.java:724) ~[flink-dist-2.2.1.jar:2.2.1]
	at org.apache.flink.shaded.netty4.io.netty.channel.nio.NioEventLoop.processSelectedKeys(NioEventLoop.java:650) ~[flink-dist-2.2.1.jar:2.2.1]
	at org.apache.flink.shaded.netty4.io.netty.channel.nio.NioEventLoop.run(NioEventLoop.java:562) ~[flink-dist-2.2.1.jar:2.2.1]
	at org.apache.flink.shaded.netty4.io.netty.util.concurrent.SingleThreadEventExecutor$4.run(SingleThreadEventExecutor.java:997) ~[flink-dist-2.2.1.jar:2.2.1]
	at org.apache.flink.shaded.netty4.io.netty.util.internal.ThreadExecutorMap$2.run(ThreadExecutorMap.java:74) ~[flink-dist-2.2.1.jar:2.2.1]
	at java.base/java.lang.Thread.run(Unknown Source) [?:?]
Caused by: org.apache.flink.shaded.netty4.io.netty.channel.AbstractChannel$AnnotatedConnectException: Connection refused: /0.0.0.0:8081
Caused by: java.net.ConnectException: Connection refused
	at java.base/sun.nio.ch.Net.pollConnect(Native Method) ~[?:?]
	at java.base/sun.nio.ch.Net.pollConnectNow(Unknown Source) ~[?:?]
	at java.base/sun.nio.ch.SocketChannelImpl.finishConnect(Unknown Source) ~[?:?]
	at org.apache.flink.shaded.netty4.io.netty.channel.socket.nio.NioSocketChannel.doFinishConnect(NioSocketChannel.java:337) ~[flink-dist-2.2.1.jar:2.2.1]
	at org.apache.flink.shaded.netty4.io.netty.channel.nio.AbstractNioChannel$AbstractNioUnsafe.finishConnect(AbstractNioChannel.java:334) ~[flink-dist-2.2.1.jar:2.2.1]
	... 7 more
2026-07-17 23:48:55,758 WARN  org.apache.flink.client.program.rest.RestClusterClient       [] - Attempt to submit job 'insert-into_paimon_catalog.default.processed_transactions' (ea8ff574e63093d2011ffdde00c699f4) to 'http://0.0.0.0:8081' has failed.
java.util.concurrent.CompletionException: org.apache.flink.shaded.netty4.io.netty.channel.AbstractChannel$AnnotatedConnectException: Connection refused: /0.0.0.0:8081
	at java.base/java.util.concurrent.CompletableFuture.encodeThrowable(Unknown Source) ~[?:?]
	at java.base/java.util.concurrent.CompletableFuture.completeThrowable(Unknown Source) ~[?:?]
	at java.base/java.util.concurrent.CompletableFuture$UniCompose.tryFire(Unknown Source) ~[?:?]
	at java.base/java.util.concurrent.CompletableFuture.postComplete(Unknown Source) ~[?:?]
	at java.base/java.util.concurrent.CompletableFuture.completeExceptionally(Unknown Source) ~[?:?]
	at org.apache.flink.runtime.rest.RestClient.lambda$submitRequest$4(RestClient.java:617) ~[flink-dist-2.2.1.jar:2.2.1]
	at org.apache.flink.shaded.netty4.io.netty.util.concurrent.DefaultPromise.notifyListener0(DefaultPromise.java:590) ~[flink-dist-2.2.1.jar:2.2.1]
	at org.apache.flink.shaded.netty4.io.netty.util.concurrent.DefaultPromise.notifyListeners0(DefaultPromise.java:583) ~[flink-dist-2.2.1.jar:2.2.1]
	at org.apache.flink.shaded.netty4.io.netty.util.concurrent.DefaultPromise.notifyListenersNow(DefaultPromise.java:559) ~[flink-dist-2.2.1.jar:2.2.1]
	at org.apache.flink.shaded.netty4.io.netty.util.concurrent.DefaultPromise.notifyListeners(DefaultPromise.java:492) ~[flink-dist-2.2.1.jar:2.2.1]
	at org.apache.flink.shaded.netty4.io.netty.util.concurrent.DefaultPromise.setValue0(DefaultPromise.java:636) ~[flink-dist-2.2.1.jar:2.2.1]
	at org.apache.flink.shaded.netty4.io.netty.util.concurrent.DefaultPromise.setFailure0(DefaultPromise.java:629) ~[flink-dist-2.2.1.jar:2.2.1]
	at org.apache.flink.shaded.netty4.io.netty.util.concurrent.DefaultPromise.tryFailure(DefaultPromise.java:118) ~[flink-dist-2.2.1.jar:2.2.1]
	at org.apache.flink.shaded.netty4.io.netty.channel.nio.AbstractNioChannel$AbstractNioUnsafe.fulfillConnectPromise(AbstractNioChannel.java:321) ~[flink-dist-2.2.1.jar:2.2.1]
	at org.apache.flink.shaded.netty4.io.netty.channel.nio.AbstractNioChannel$AbstractNioUnsafe.finishConnect(AbstractNioChannel.java:337) ~[flink-dist-2.2.1.jar:2.2.1]
	at org.apache.flink.shaded.netty4.io.netty.channel.nio.NioEventLoop.processSelectedKey(NioEventLoop.java:776) ~[flink-dist-2.2.1.jar:2.2.1]
	at org.apache.flink.shaded.netty4.io.netty.channel.nio.NioEventLoop.processSelectedKeysOptimized(NioEventLoop.java:724) ~[flink-dist-2.2.1.jar:2.2.1]
	at org.apache.flink.shaded.netty4.io.netty.channel.nio.NioEventLoop.processSelectedKeys(NioEventLoop.java:650) ~[flink-dist-2.2.1.jar:2.2.1]
	at org.apache.flink.shaded.netty4.io.netty.channel.nio.NioEventLoop.run(NioEventLoop.java:562) ~[flink-dist-2.2.1.jar:2.2.1]
	at org.apache.flink.shaded.netty4.io.netty.util.concurrent.SingleThreadEventExecutor$4.run(SingleThreadEventExecutor.java:997) ~[flink-dist-2.2.1.jar:2.2.1]
	at org.apache.flink.shaded.netty4.io.netty.util.internal.ThreadExecutorMap$2.run(ThreadExecutorMap.java:74) ~[flink-dist-2.2.1.jar:2.2.1]
	at java.base/java.lang.Thread.run(Unknown Source) [?:?]
Caused by: org.apache.flink.shaded.netty4.io.netty.channel.AbstractChannel$AnnotatedConnectException: Connection refused: /0.0.0.0:8081
Caused by: java.net.ConnectException: Connection refused
	at java.base/sun.nio.ch.Net.pollConnect(Native Method) ~[?:?]
	at java.base/sun.nio.ch.Net.pollConnectNow(Unknown Source) ~[?:?]
	at java.base/sun.nio.ch.SocketChannelImpl.finishConnect(Unknown Source) ~[?:?]
	at org.apache.flink.shaded.netty4.io.netty.channel.socket.nio.NioSocketChannel.doFinishConnect(NioSocketChannel.java:337) ~[flink-dist-2.2.1.jar:2.2.1]
	at org.apache.flink.shaded.netty4.io.netty.channel.nio.AbstractNioChannel$AbstractNioUnsafe.finishConnect(AbstractNioChannel.java:334) ~[flink-dist-2.2.1.jar:2.2.1]
	... 7 more
2026-07-17 23:48:58,761 WARN  org.apache.flink.client.program.rest.RestClusterClient       [] - Attempt to submit job 'insert-into_paimon_catalog.default.processed_transactions' (ea8ff574e63093d2011ffdde00c699f4) to 'http://0.0.0.0:8081' has failed.
java.util.concurrent.CompletionException: org.apache.flink.shaded.netty4.io.netty.channel.AbstractChannel$AnnotatedConnectException: Connection refused: /0.0.0.0:8081
	at java.base/java.util.concurrent.CompletableFuture.encodeThrowable(Unknown Source) ~[?:?]
	at java.base/java.util.concurrent.CompletableFuture.completeThrowable(Unknown Source) ~[?:?]
	at java.base/java.util.concurrent.CompletableFuture$UniCompose.tryFire(Unknown Source) ~[?:?]
	at java.base/java.util.concurrent.CompletableFuture.postComplete(Unknown Source) ~[?:?]
	at java.base/java.util.concurrent.CompletableFuture.completeExceptionally(Unknown Source) ~[?:?]
	at org.apache.flink.runtime.rest.RestClient.lambda$submitRequest$4(RestClient.java:617) ~[flink-dist-2.2.1.jar:2.2.1]
	at org.apache.flink.shaded.netty4.io.netty.util.concurrent.DefaultPromise.notifyListener0(DefaultPromise.java:590) ~[flink-dist-2.2.1.jar:2.2.1]
	at org.apache.flink.shaded.netty4.io.netty.util.concurrent.DefaultPromise.notifyListeners0(DefaultPromise.java:583) ~[flink-dist-2.2.1.jar:2.2.1]
	at org.apache.flink.shaded.netty4.io.netty.util.concurrent.DefaultPromise.notifyListenersNow(DefaultPromise.java:559) ~[flink-dist-2.2.1.jar:2.2.1]
	at org.apache.flink.shaded.netty4.io.netty.util.concurrent.DefaultPromise.notifyListeners(DefaultPromise.java:492) ~[flink-dist-2.2.1.jar:2.2.1]
	at org.apache.flink.shaded.netty4.io.netty.util.concurrent.DefaultPromise.setValue0(DefaultPromise.java:636) ~[flink-dist-2.2.1.jar:2.2.1]
	at org.apache.flink.shaded.netty4.io.netty.util.concurrent.DefaultPromise.setFailure0(DefaultPromise.java:629) ~[flink-dist-2.2.1.jar:2.2.1]
	at org.apache.flink.shaded.netty4.io.netty.util.concurrent.DefaultPromise.tryFailure(DefaultPromise.java:118) ~[flink-dist-2.2.1.jar:2.2.1]
	at org.apache.flink.shaded.netty4.io.netty.channel.nio.AbstractNioChannel$AbstractNioUnsafe.fulfillConnectPromise(AbstractNioChannel.java:321) ~[flink-dist-2.2.1.jar:2.2.1]
	at org.apache.flink.shaded.netty4.io.netty.channel.nio.AbstractNioChannel$AbstractNioUnsafe.finishConnect(AbstractNioChannel.java:337) ~[flink-dist-2.2.1.jar:2.2.1]
	at org.apache.flink.shaded.netty4.io.netty.channel.nio.NioEventLoop.processSelectedKey(NioEventLoop.java:776) ~[flink-dist-2.2.1.jar:2.2.1]
	at org.apache.flink.shaded.netty4.io.netty.channel.nio.NioEventLoop.processSelectedKeysOptimized(NioEventLoop.java:724) ~[flink-dist-2.2.1.jar:2.2.1]
	at org.apache.flink.shaded.netty4.io.netty.channel.nio.NioEventLoop.processSelectedKeys(NioEventLoop.java:650) ~[flink-dist-2.2.1.jar:2.2.1]
	at org.apache.flink.shaded.netty4.io.netty.channel.nio.NioEventLoop.run(NioEventLoop.java:562) ~[flink-dist-2.2.1.jar:2.2.1]
	at org.apache.flink.shaded.netty4.io.netty.util.concurrent.SingleThreadEventExecutor$4.run(SingleThreadEventExecutor.java:997) ~[flink-dist-2.2.1.jar:2.2.1]
	at org.apache.flink.shaded.netty4.io.netty.util.internal.ThreadExecutorMap$2.run(ThreadExecutorMap.java:74) ~[flink-dist-2.2.1.jar:2.2.1]
	at java.base/java.lang.Thread.run(Unknown Source) [?:?]
Caused by: org.apache.flink.shaded.netty4.io.netty.channel.AbstractChannel$AnnotatedConnectException: Connection refused: /0.0.0.0:8081
Caused by: java.net.ConnectException: Connection refused
	at java.base/sun.nio.ch.Net.pollConnect(Native Method) ~[?:?]
	at java.base/sun.nio.ch.Net.pollConnectNow(Unknown Source) ~[?:?]
	at java.base/sun.nio.ch.SocketChannelImpl.finishConnect(Unknown Source) ~[?:?]
	at org.apache.flink.shaded.netty4.io.netty.channel.socket.nio.NioSocketChannel.doFinishConnect(NioSocketChannel.java:337) ~[flink-dist-2.2.1.jar:2.2.1]
	at org.apache.flink.shaded.netty4.io.netty.channel.nio.AbstractNioChannel$AbstractNioUnsafe.finishConnect(AbstractNioChannel.java:334) ~[flink-dist-2.2.1.jar:2.2.1]
	... 7 more
2026-07-17 23:49:01,764 WARN  org.apache.flink.client.program.rest.RestClusterClient       [] - Attempt to submit job 'insert-into_paimon_catalog.default.processed_transactions' (ea8ff574e63093d2011ffdde00c699f4) to 'http://0.0.0.0:8081' has failed.
java.util.concurrent.CompletionException: org.apache.flink.shaded.netty4.io.netty.channel.AbstractChannel$AnnotatedConnectException: Connection refused: /0.0.0.0:8081
	at java.base/java.util.concurrent.CompletableFuture.encodeThrowable(Unknown Source) ~[?:?]
	at java.base/java.util.concurrent.CompletableFuture.completeThrowable(Unknown Source) ~[?:?]
	at java.base/java.util.concurrent.CompletableFuture$UniCompose.tryFire(Unknown Source) ~[?:?]
	at java.base/java.util.concurrent.CompletableFuture.postComplete(Unknown Source) ~[?:?]
	at java.base/java.util.concurrent.CompletableFuture.completeExceptionally(Unknown Source) ~[?:?]
	at org.apache.flink.runtime.rest.RestClient.lambda$submitRequest$4(RestClient.java:617) ~[flink-dist-2.2.1.jar:2.2.1]
	at org.apache.flink.shaded.netty4.io.netty.util.concurrent.DefaultPromise.notifyListener0(DefaultPromise.java:590) ~[flink-dist-2.2.1.jar:2.2.1]
	at org.apache.flink.shaded.netty4.io.netty.util.concurrent.DefaultPromise.notifyListeners0(DefaultPromise.java:583) ~[flink-dist-2.2.1.jar:2.2.1]
	at org.apache.flink.shaded.netty4.io.netty.util.concurrent.DefaultPromise.notifyListenersNow(DefaultPromise.java:559) ~[flink-dist-2.2.1.jar:2.2.1]
	at org.apache.flink.shaded.netty4.io.netty.util.concurrent.DefaultPromise.notifyListeners(DefaultPromise.java:492) ~[flink-dist-2.2.1.jar:2.2.1]
	at org.apache.flink.shaded.netty4.io.netty.util.concurrent.DefaultPromise.setValue0(DefaultPromise.java:636) ~[flink-dist-2.2.1.jar:2.2.1]
	at org.apache.flink.shaded.netty4.io.netty.util.concurrent.DefaultPromise.setFailure0(DefaultPromise.java:629) ~[flink-dist-2.2.1.jar:2.2.1]
	at org.apache.flink.shaded.netty4.io.netty.util.concurrent.DefaultPromise.tryFailure(DefaultPromise.java:118) ~[flink-dist-2.2.1.jar:2.2.1]
	at org.apache.flink.shaded.netty4.io.netty.channel.nio.AbstractNioChannel$AbstractNioUnsafe.fulfillConnectPromise(AbstractNioChannel.java:321) ~[flink-dist-2.2.1.jar:2.2.1]
	at org.apache.flink.shaded.netty4.io.netty.channel.nio.AbstractNioChannel$AbstractNioUnsafe.finishConnect(AbstractNioChannel.java:337) ~[flink-dist-2.2.1.jar:2.2.1]
	at org.apache.flink.shaded.netty4.io.netty.channel.nio.NioEventLoop.processSelectedKey(NioEventLoop.java:776) ~[flink-dist-2.2.1.jar:2.2.1]
	at org.apache.flink.shaded.netty4.io.netty.channel.nio.NioEventLoop.processSelectedKeysOptimized(NioEventLoop.java:724) ~[flink-dist-2.2.1.jar:2.2.1]
	at org.apache.flink.shaded.netty4.io.netty.channel.nio.NioEventLoop.processSelectedKeys(NioEventLoop.java:650) ~[flink-dist-2.2.1.jar:2.2.1]
	at org.apache.flink.shaded.netty4.io.netty.channel.nio.NioEventLoop.run(NioEventLoop.java:562) ~[flink-dist-2.2.1.jar:2.2.1]
	at org.apache.flink.shaded.netty4.io.netty.util.concurrent.SingleThreadEventExecutor$4.run(SingleThreadEventExecutor.java:997) ~[flink-dist-2.2.1.jar:2.2.1]
	at org.apache.flink.shaded.netty4.io.netty.util.internal.ThreadExecutorMap$2.run(ThreadExecutorMap.java:74) ~[flink-dist-2.2.1.jar:2.2.1]
	at java.base/java.lang.Thread.run(Unknown Source) [?:?]
Caused by: org.apache.flink.shaded.netty4.io.netty.channel.AbstractChannel$AnnotatedConnectException: Connection refused: /0.0.0.0:8081
Caused by: java.net.ConnectException: Connection refused
	at java.base/sun.nio.ch.Net.pollConnect(Native Method) ~[?:?]
	at java.base/sun.nio.ch.Net.pollConnectNow(Unknown Source) ~[?:?]
	at java.base/sun.nio.ch.SocketChannelImpl.finishConnect(Unknown Source) ~[?:?]
	at org.apache.flink.shaded.netty4.io.netty.channel.socket.nio.NioSocketChannel.doFinishConnect(NioSocketChannel.java:337) ~[flink-dist-2.2.1.jar:2.2.1]
	at org.apache.flink.shaded.netty4.io.netty.channel.nio.AbstractNioChannel$AbstractNioUnsafe.finishConnect(AbstractNioChannel.java:334) ~[flink-dist-2.2.1.jar:2.2.1]
	... 7 more
2026-07-17 23:49:04,766 WARN  org.apache.flink.client.program.rest.RestClusterClient       [] - Attempt to submit job 'insert-into_paimon_catalog.default.processed_transactions' (ea8ff574e63093d2011ffdde00c699f4) to 'http://0.0.0.0:8081' has failed.
java.util.concurrent.CompletionException: org.apache.flink.shaded.netty4.io.netty.channel.AbstractChannel$AnnotatedConnectException: Connection refused: /0.0.0.0:8081
	at java.base/java.util.concurrent.CompletableFuture.encodeThrowable(Unknown Source) ~[?:?]
	at java.base/java.util.concurrent.CompletableFuture.completeThrowable(Unknown Source) ~[?:?]
	at java.base/java.util.concurrent.CompletableFuture$UniCompose.tryFire(Unknown Source) ~[?:?]
	at java.base/java.util.concurrent.CompletableFuture.postComplete(Unknown Source) ~[?:?]
	at java.base/java.util.concurrent.CompletableFuture.completeExceptionally(Unknown Source) ~[?:?]
	at org.apache.flink.runtime.rest.RestClient.lambda$submitRequest$4(RestClient.java:617) ~[flink-dist-2.2.1.jar:2.2.1]
	at org.apache.flink.shaded.netty4.io.netty.util.concurrent.DefaultPromise.notifyListener0(DefaultPromise.java:590) ~[flink-dist-2.2.1.jar:2.2.1]
	at org.apache.flink.shaded.netty4.io.netty.util.concurrent.DefaultPromise.notifyListeners0(DefaultPromise.java:583) ~[flink-dist-2.2.1.jar:2.2.1]
	at org.apache.flink.shaded.netty4.io.netty.util.concurrent.DefaultPromise.notifyListenersNow(DefaultPromise.java:559) ~[flink-dist-2.2.1.jar:2.2.1]
	at org.apache.flink.shaded.netty4.io.netty.util.concurrent.DefaultPromise.notifyListeners(DefaultPromise.java:492) ~[flink-dist-2.2.1.jar:2.2.1]
	at org.apache.flink.shaded.netty4.io.netty.util.concurrent.DefaultPromise.setValue0(DefaultPromise.java:636) ~[flink-dist-2.2.1.jar:2.2.1]
	at org.apache.flink.shaded.netty4.io.netty.util.concurrent.DefaultPromise.setFailure0(DefaultPromise.java:629) ~[flink-dist-2.2.1.jar:2.2.1]
	at org.apache.flink.shaded.netty4.io.netty.util.concurrent.DefaultPromise.tryFailure(DefaultPromise.java:118) ~[flink-dist-2.2.1.jar:2.2.1]
	at org.apache.flink.shaded.netty4.io.netty.channel.nio.AbstractNioChannel$AbstractNioUnsafe.fulfillConnectPromise(AbstractNioChannel.java:321) ~[flink-dist-2.2.1.jar:2.2.1]
	at org.apache.flink.shaded.netty4.io.netty.channel.nio.AbstractNioChannel$AbstractNioUnsafe.finishConnect(AbstractNioChannel.java:337) ~[flink-dist-2.2.1.jar:2.2.1]
	at org.apache.flink.shaded.netty4.io.netty.channel.nio.NioEventLoop.processSelectedKey(NioEventLoop.java:776) ~[flink-dist-2.2.1.jar:2.2.1]
	at org.apache.flink.shaded.netty4.io.netty.channel.nio.NioEventLoop.processSelectedKeysOptimized(NioEventLoop.java:724) ~[flink-dist-2.2.1.jar:2.2.1]
	at org.apache.flink.shaded.netty4.io.netty.channel.nio.NioEventLoop.processSelectedKeys(NioEventLoop.java:650) ~[flink-dist-2.2.1.jar:2.2.1]
	at org.apache.flink.shaded.netty4.io.netty.channel.nio.NioEventLoop.run(NioEventLoop.java:562) ~[flink-dist-2.2.1.jar:2.2.1]
	at org.apache.flink.shaded.netty4.io.netty.util.concurrent.SingleThreadEventExecutor$4.run(SingleThreadEventExecutor.java:997) ~[flink-dist-2.2.1.jar:2.2.1]
	at org.apache.flink.shaded.netty4.io.netty.util.internal.ThreadExecutorMap$2.run(ThreadExecutorMap.java:74) ~[flink-dist-2.2.1.jar:2.2.1]
	at java.base/java.lang.Thread.run(Unknown Source) [?:?]
Caused by: org.apache.flink.shaded.netty4.io.netty.channel.AbstractChannel$AnnotatedConnectException: Connection refused: /0.0.0.0:8081
Caused by: java.net.ConnectException: Connection refused
	at java.base/sun.nio.ch.Net.pollConnect(Native Method) ~[?:?]
	at java.base/sun.nio.ch.Net.pollConnectNow(Unknown Source) ~[?:?]
	at java.base/sun.nio.ch.SocketChannelImpl.finishConnect(Unknown Source) ~[?:?]
	at org.apache.flink.shaded.netty4.io.netty.channel.socket.nio.NioSocketChannel.doFinishConnect(NioSocketChannel.java:337) ~[flink-dist-2.2.1.jar:2.2.1]
	at org.apache.flink.shaded.netty4.io.netty.channel.nio.AbstractNioChannel$AbstractNioUnsafe.finishConnect(AbstractNioChannel.java:334) ~[flink-dist-2.2.1.jar:2.2.1]
	... 7 more
2026-07-17 23:49:07,768 WARN  org.apache.flink.client.program.rest.RestClusterClient       [] - Attempt to submit job 'insert-into_paimon_catalog.default.processed_transactions' (ea8ff574e63093d2011ffdde00c699f4) to 'http://0.0.0.0:8081' has failed.
java.util.concurrent.CompletionException: org.apache.flink.shaded.netty4.io.netty.channel.AbstractChannel$AnnotatedConnectException: Connection refused: /0.0.0.0:8081
	at java.base/java.util.concurrent.CompletableFuture.encodeThrowable(Unknown Source) ~[?:?]
	at java.base/java.util.concurrent.CompletableFuture.completeThrowable(Unknown Source) ~[?:?]
	at java.base/java.util.concurrent.CompletableFuture$UniCompose.tryFire(Unknown Source) ~[?:?]
	at java.base/java.util.concurrent.CompletableFuture.postComplete(Unknown Source) ~[?:?]
	at java.base/java.util.concurrent.CompletableFuture.completeExceptionally(Unknown Source) ~[?:?]
	at org.apache.flink.runtime.rest.RestClient.lambda$submitRequest$4(RestClient.java:617) ~[flink-dist-2.2.1.jar:2.2.1]
	at org.apache.flink.shaded.netty4.io.netty.util.concurrent.DefaultPromise.notifyListener0(DefaultPromise.java:590) ~[flink-dist-2.2.1.jar:2.2.1]
	at org.apache.flink.shaded.netty4.io.netty.util.concurrent.DefaultPromise.notifyListeners0(DefaultPromise.java:583) ~[flink-dist-2.2.1.jar:2.2.1]
	at org.apache.flink.shaded.netty4.io.netty.util.concurrent.DefaultPromise.notifyListenersNow(DefaultPromise.java:559) ~[flink-dist-2.2.1.jar:2.2.1]
	at org.apache.flink.shaded.netty4.io.netty.util.concurrent.DefaultPromise.notifyListeners(DefaultPromise.java:492) ~[flink-dist-2.2.1.jar:2.2.1]
	at org.apache.flink.shaded.netty4.io.netty.util.concurrent.DefaultPromise.setValue0(DefaultPromise.java:636) ~[flink-dist-2.2.1.jar:2.2.1]
	at org.apache.flink.shaded.netty4.io.netty.util.concurrent.DefaultPromise.setFailure0(DefaultPromise.java:629) ~[flink-dist-2.2.1.jar:2.2.1]
	at org.apache.flink.shaded.netty4.io.netty.util.concurrent.DefaultPromise.tryFailure(DefaultPromise.java:118) ~[flink-dist-2.2.1.jar:2.2.1]
	at org.apache.flink.shaded.netty4.io.netty.channel.nio.AbstractNioChannel$AbstractNioUnsafe.fulfillConnectPromise(AbstractNioChannel.java:321) ~[flink-dist-2.2.1.jar:2.2.1]
	at org.apache.flink.shaded.netty4.io.netty.channel.nio.AbstractNioChannel$AbstractNioUnsafe.finishConnect(AbstractNioChannel.java:337) ~[flink-dist-2.2.1.jar:2.2.1]
	at org.apache.flink.shaded.netty4.io.netty.channel.nio.NioEventLoop.processSelectedKey(NioEventLoop.java:776) ~[flink-dist-2.2.1.jar:2.2.1]
	at org.apache.flink.shaded.netty4.io.netty.channel.nio.NioEventLoop.processSelectedKeysOptimized(NioEventLoop.java:724) ~[flink-dist-2.2.1.jar:2.2.1]
	at org.apache.flink.shaded.netty4.io.netty.channel.nio.NioEventLoop.processSelectedKeys(NioEventLoop.java:650) ~[flink-dist-2.2.1.jar:2.2.1]
	at org.apache.flink.shaded.netty4.io.netty.channel.nio.NioEventLoop.run(NioEventLoop.java:562) ~[flink-dist-2.2.1.jar:2.2.1]
	at org.apache.flink.shaded.netty4.io.netty.util.concurrent.SingleThreadEventExecutor$4.run(SingleThreadEventExecutor.java:997) ~[flink-dist-2.2.1.jar:2.2.1]
	at org.apache.flink.shaded.netty4.io.netty.util.internal.ThreadExecutorMap$2.run(ThreadExecutorMap.java:74) ~[flink-dist-2.2.1.jar:2.2.1]
	at java.base/java.lang.Thread.run(Unknown Source) [?:?]
Caused by: org.apache.flink.shaded.netty4.io.netty.channel.AbstractChannel$AnnotatedConnectException: Connection refused: /0.0.0.0:8081
Caused by: java.net.ConnectException: Connection refused
	at java.base/sun.nio.ch.Net.pollConnect(Native Method) ~[?:?]
	at java.base/sun.nio.ch.Net.pollConnectNow(Unknown Source) ~[?:?]
	at java.base/sun.nio.ch.SocketChannelImpl.finishConnect(Unknown Source) ~[?:?]
	at org.apache.flink.shaded.netty4.io.netty.channel.socket.nio.NioSocketChannel.doFinishConnect(NioSocketChannel.java:337) ~[flink-dist-2.2.1.jar:2.2.1]
	at org.apache.flink.shaded.netty4.io.netty.channel.nio.AbstractNioChannel$AbstractNioUnsafe.finishConnect(AbstractNioChannel.java:334) ~[flink-dist-2.2.1.jar:2.2.1]
	... 7 more
2026-07-17 23:49:10,771 WARN  org.apache.flink.client.program.rest.RestClusterClient       [] - Attempt to submit job 'insert-into_paimon_catalog.default.processed_transactions' (ea8ff574e63093d2011ffdde00c699f4) to 'http://0.0.0.0:8081' has failed.
java.util.concurrent.CompletionException: org.apache.flink.shaded.netty4.io.netty.channel.AbstractChannel$AnnotatedConnectException: Connection refused: /0.0.0.0:8081
	at java.base/java.util.concurrent.CompletableFuture.encodeThrowable(Unknown Source) ~[?:?]
	at java.base/java.util.concurrent.CompletableFuture.completeThrowable(Unknown Source) ~[?:?]
	at java.base/java.util.concurrent.CompletableFuture$UniCompose.tryFire(Unknown Source) ~[?:?]
	at java.base/java.util.concurrent.CompletableFuture.postComplete(Unknown Source) ~[?:?]
	at java.base/java.util.concurrent.CompletableFuture.completeExceptionally(Unknown Source) ~[?:?]
	at org.apache.flink.runtime.rest.RestClient.lambda$submitRequest$4(RestClient.java:617) ~[flink-dist-2.2.1.jar:2.2.1]
	at org.apache.flink.shaded.netty4.io.netty.util.concurrent.DefaultPromise.notifyListener0(DefaultPromise.java:590) ~[flink-dist-2.2.1.jar:2.2.1]
	at org.apache.flink.shaded.netty4.io.netty.util.concurrent.DefaultPromise.notifyListeners0(DefaultPromise.java:583) ~[flink-dist-2.2.1.jar:2.2.1]
	at org.apache.flink.shaded.netty4.io.netty.util.concurrent.DefaultPromise.notifyListenersNow(DefaultPromise.java:559) ~[flink-dist-2.2.1.jar:2.2.1]
	at org.apache.flink.shaded.netty4.io.netty.util.concurrent.DefaultPromise.notifyListeners(DefaultPromise.java:492) ~[flink-dist-2.2.1.jar:2.2.1]
	at org.apache.flink.shaded.netty4.io.netty.util.concurrent.DefaultPromise.setValue0(DefaultPromise.java:636) ~[flink-dist-2.2.1.jar:2.2.1]
	at org.apache.flink.shaded.netty4.io.netty.util.concurrent.DefaultPromise.setFailure0(DefaultPromise.java:629) ~[flink-dist-2.2.1.jar:2.2.1]
	at org.apache.flink.shaded.netty4.io.netty.util.concurrent.DefaultPromise.tryFailure(DefaultPromise.java:118) ~[flink-dist-2.2.1.jar:2.2.1]
	at org.apache.flink.shaded.netty4.io.netty.channel.nio.AbstractNioChannel$AbstractNioUnsafe.fulfillConnectPromise(AbstractNioChannel.java:321) ~[flink-dist-2.2.1.jar:2.2.1]
	at org.apache.flink.shaded.netty4.io.netty.channel.nio.AbstractNioChannel$AbstractNioUnsafe.finishConnect(AbstractNioChannel.java:337) ~[flink-dist-2.2.1.jar:2.2.1]
	at org.apache.flink.shaded.netty4.io.netty.channel.nio.NioEventLoop.processSelectedKey(NioEventLoop.java:776) ~[flink-dist-2.2.1.jar:2.2.1]
	at org.apache.flink.shaded.netty4.io.netty.channel.nio.NioEventLoop.processSelectedKeysOptimized(NioEventLoop.java:724) ~[flink-dist-2.2.1.jar:2.2.1]
	at org.apache.flink.shaded.netty4.io.netty.channel.nio.NioEventLoop.processSelectedKeys(NioEventLoop.java:650) ~[flink-dist-2.2.1.jar:2.2.1]
	at org.apache.flink.shaded.netty4.io.netty.channel.nio.NioEventLoop.run(NioEventLoop.java:562) ~[flink-dist-2.2.1.jar:2.2.1]
	at org.apache.flink.shaded.netty4.io.netty.util.concurrent.SingleThreadEventExecutor$4.run(SingleThreadEventExecutor.java:997) ~[flink-dist-2.2.1.jar:2.2.1]
	at org.apache.flink.shaded.netty4.io.netty.util.internal.ThreadExecutorMap$2.run(ThreadExecutorMap.java:74) ~[flink-dist-2.2.1.jar:2.2.1]
	at java.base/java.lang.Thread.run(Unknown Source) [?:?]
Caused by: org.apache.flink.shaded.netty4.io.netty.channel.AbstractChannel$AnnotatedConnectException: Connection refused: /0.0.0.0:8081
Caused by: java.net.ConnectException: Connection refused
	at java.base/sun.nio.ch.Net.pollConnect(Native Method) ~[?:?]
	at java.base/sun.nio.ch.Net.pollConnectNow(Unknown Source) ~[?:?]
	at java.base/sun.nio.ch.SocketChannelImpl.finishConnect(Unknown Source) ~[?:?]
	at org.apache.flink.shaded.netty4.io.netty.channel.socket.nio.NioSocketChannel.doFinishConnect(NioSocketChannel.java:337) ~[flink-dist-2.2.1.jar:2.2.1]
	at org.apache.flink.shaded.netty4.io.netty.channel.nio.AbstractNioChannel$AbstractNioUnsafe.finishConnect(AbstractNioChannel.java:334) ~[flink-dist-2.2.1.jar:2.2.1]
	... 7 more
2026-07-17 23:49:13,774 WARN  org.apache.flink.client.program.rest.RestClusterClient       [] - Attempt to submit job 'insert-into_paimon_catalog.default.processed_transactions' (ea8ff574e63093d2011ffdde00c699f4) to 'http://0.0.0.0:8081' has failed.
java.util.concurrent.CompletionException: org.apache.flink.shaded.netty4.io.netty.channel.AbstractChannel$AnnotatedConnectException: Connection refused: /0.0.0.0:8081
	at java.base/java.util.concurrent.CompletableFuture.encodeThrowable(Unknown Source) ~[?:?]
	at java.base/java.util.concurrent.CompletableFuture.completeThrowable(Unknown Source) ~[?:?]
	at java.base/java.util.concurrent.CompletableFuture$UniCompose.tryFire(Unknown Source) ~[?:?]
	at java.base/java.util.concurrent.CompletableFuture.postComplete(Unknown Source) ~[?:?]
	at java.base/java.util.concurrent.CompletableFuture.completeExceptionally(Unknown Source) ~[?:?]
	at org.apache.flink.runtime.rest.RestClient.lambda$submitRequest$4(RestClient.java:617) ~[flink-dist-2.2.1.jar:2.2.1]
	at org.apache.flink.shaded.netty4.io.netty.util.concurrent.DefaultPromise.notifyListener0(DefaultPromise.java:590) ~[flink-dist-2.2.1.jar:2.2.1]
	at org.apache.flink.shaded.netty4.io.netty.util.concurrent.DefaultPromise.notifyListeners0(DefaultPromise.java:583) ~[flink-dist-2.2.1.jar:2.2.1]
	at org.apache.flink.shaded.netty4.io.netty.util.concurrent.DefaultPromise.notifyListenersNow(DefaultPromise.java:559) ~[flink-dist-2.2.1.jar:2.2.1]
	at org.apache.flink.shaded.netty4.io.netty.util.concurrent.DefaultPromise.notifyListeners(DefaultPromise.java:492) ~[flink-dist-2.2.1.jar:2.2.1]
	at org.apache.flink.shaded.netty4.io.netty.util.concurrent.DefaultPromise.setValue0(DefaultPromise.java:636) ~[flink-dist-2.2.1.jar:2.2.1]
	at org.apache.flink.shaded.netty4.io.netty.util.concurrent.DefaultPromise.setFailure0(DefaultPromise.java:629) ~[flink-dist-2.2.1.jar:2.2.1]
	at org.apache.flink.shaded.netty4.io.netty.util.concurrent.DefaultPromise.tryFailure(DefaultPromise.java:118) ~[flink-dist-2.2.1.jar:2.2.1]
	at org.apache.flink.shaded.netty4.io.netty.channel.nio.AbstractNioChannel$AbstractNioUnsafe.fulfillConnectPromise(AbstractNioChannel.java:321) ~[flink-dist-2.2.1.jar:2.2.1]
	at org.apache.flink.shaded.netty4.io.netty.channel.nio.AbstractNioChannel$AbstractNioUnsafe.finishConnect(AbstractNioChannel.java:337) ~[flink-dist-2.2.1.jar:2.2.1]
	at org.apache.flink.shaded.netty4.io.netty.channel.nio.NioEventLoop.processSelectedKey(NioEventLoop.java:776) ~[flink-dist-2.2.1.jar:2.2.1]
	at org.apache.flink.shaded.netty4.io.netty.channel.nio.NioEventLoop.processSelectedKeysOptimized(NioEventLoop.java:724) ~[flink-dist-2.2.1.jar:2.2.1]
	at org.apache.flink.shaded.netty4.io.netty.channel.nio.NioEventLoop.processSelectedKeys(NioEventLoop.java:650) ~[flink-dist-2.2.1.jar:2.2.1]
	at org.apache.flink.shaded.netty4.io.netty.channel.nio.NioEventLoop.run(NioEventLoop.java:562) ~[flink-dist-2.2.1.jar:2.2.1]
	at org.apache.flink.shaded.netty4.io.netty.util.concurrent.SingleThreadEventExecutor$4.run(SingleThreadEventExecutor.java:997) ~[flink-dist-2.2.1.jar:2.2.1]
	at org.apache.flink.shaded.netty4.io.netty.util.internal.ThreadExecutorMap$2.run(ThreadExecutorMap.java:74) ~[flink-dist-2.2.1.jar:2.2.1]
	at java.base/java.lang.Thread.run(Unknown Source) [?:?]
Caused by: org.apache.flink.shaded.netty4.io.netty.channel.AbstractChannel$AnnotatedConnectException: Connection refused: /0.0.0.0:8081
Caused by: java.net.ConnectException: Connection refused
	at java.base/sun.nio.ch.Net.pollConnect(Native Method) ~[?:?]
	at java.base/sun.nio.ch.Net.pollConnectNow(Unknown Source) ~[?:?]
	at java.base/sun.nio.ch.SocketChannelImpl.finishConnect(Unknown Source) ~[?:?]
	at org.apache.flink.shaded.netty4.io.netty.channel.socket.nio.NioSocketChannel.doFinishConnect(NioSocketChannel.java:337) ~[flink-dist-2.2.1.jar:2.2.1]
	at org.apache.flink.shaded.netty4.io.netty.channel.nio.AbstractNioChannel$AbstractNioUnsafe.finishConnect(AbstractNioChannel.java:334) ~[flink-dist-2.2.1.jar:2.2.1]
	... 7 more
2026-07-17 23:49:16,776 WARN  org.apache.flink.client.program.rest.RestClusterClient       [] - Attempt to submit job 'insert-into_paimon_catalog.default.processed_transactions' (ea8ff574e63093d2011ffdde00c699f4) to 'http://0.0.0.0:8081' has failed.
java.util.concurrent.CompletionException: org.apache.flink.shaded.netty4.io.netty.channel.AbstractChannel$AnnotatedConnectException: Connection refused: /0.0.0.0:8081
	at java.base/java.util.concurrent.CompletableFuture.encodeThrowable(Unknown Source) ~[?:?]
	at java.base/java.util.concurrent.CompletableFuture.completeThrowable(Unknown Source) ~[?:?]
	at java.base/java.util.concurrent.CompletableFuture$UniCompose.tryFire(Unknown Source) ~[?:?]
	at java.base/java.util.concurrent.CompletableFuture.postComplete(Unknown Source) ~[?:?]
	at java.base/java.util.concurrent.CompletableFuture.completeExceptionally(Unknown Source) ~[?:?]
	at org.apache.flink.runtime.rest.RestClient.lambda$submitRequest$4(RestClient.java:617) ~[flink-dist-2.2.1.jar:2.2.1]
	at org.apache.flink.shaded.netty4.io.netty.util.concurrent.DefaultPromise.notifyListener0(DefaultPromise.java:590) ~[flink-dist-2.2.1.jar:2.2.1]
	at org.apache.flink.shaded.netty4.io.netty.util.concurrent.DefaultPromise.notifyListeners0(DefaultPromise.java:583) ~[flink-dist-2.2.1.jar:2.2.1]
	at org.apache.flink.shaded.netty4.io.netty.util.concurrent.DefaultPromise.notifyListenersNow(DefaultPromise.java:559) ~[flink-dist-2.2.1.jar:2.2.1]
	at org.apache.flink.shaded.netty4.io.netty.util.concurrent.DefaultPromise.notifyListeners(DefaultPromise.java:492) ~[flink-dist-2.2.1.jar:2.2.1]
	at org.apache.flink.shaded.netty4.io.netty.util.concurrent.DefaultPromise.setValue0(DefaultPromise.java:636) ~[flink-dist-2.2.1.jar:2.2.1]
	at org.apache.flink.shaded.netty4.io.netty.util.concurrent.DefaultPromise.setFailure0(DefaultPromise.java:629) ~[flink-dist-2.2.1.jar:2.2.1]
	at org.apache.flink.shaded.netty4.io.netty.util.concurrent.DefaultPromise.tryFailure(DefaultPromise.java:118) ~[flink-dist-2.2.1.jar:2.2.1]
	at org.apache.flink.shaded.netty4.io.netty.channel.nio.AbstractNioChannel$AbstractNioUnsafe.fulfillConnectPromise(AbstractNioChannel.java:321) ~[flink-dist-2.2.1.jar:2.2.1]
	at org.apache.flink.shaded.netty4.io.netty.channel.nio.AbstractNioChannel$AbstractNioUnsafe.finishConnect(AbstractNioChannel.java:337) ~[flink-dist-2.2.1.jar:2.2.1]
	at org.apache.flink.shaded.netty4.io.netty.channel.nio.NioEventLoop.processSelectedKey(NioEventLoop.java:776) ~[flink-dist-2.2.1.jar:2.2.1]
	at org.apache.flink.shaded.netty4.io.netty.channel.nio.NioEventLoop.processSelectedKeysOptimized(NioEventLoop.java:724) ~[flink-dist-2.2.1.jar:2.2.1]
	at org.apache.flink.shaded.netty4.io.netty.channel.nio.NioEventLoop.processSelectedKeys(NioEventLoop.java:650) ~[flink-dist-2.2.1.jar:2.2.1]
	at org.apache.flink.shaded.netty4.io.netty.channel.nio.NioEventLoop.run(NioEventLoop.java:562) ~[flink-dist-2.2.1.jar:2.2.1]
	at org.apache.flink.shaded.netty4.io.netty.util.concurrent.SingleThreadEventExecutor$4.run(SingleThreadEventExecutor.java:997) ~[flink-dist-2.2.1.jar:2.2.1]
	at org.apache.flink.shaded.netty4.io.netty.util.internal.ThreadExecutorMap$2.run(ThreadExecutorMap.java:74) ~[flink-dist-2.2.1.jar:2.2.1]
	at java.base/java.lang.Thread.run(Unknown Source) [?:?]
Caused by: org.apache.flink.shaded.netty4.io.netty.channel.AbstractChannel$AnnotatedConnectException: Connection refused: /0.0.0.0:8081
Caused by: java.net.ConnectException: Connection refused
	at java.base/sun.nio.ch.Net.pollConnect(Native Method) ~[?:?]
	at java.base/sun.nio.ch.Net.pollConnectNow(Unknown Source) ~[?:?]
	at java.base/sun.nio.ch.SocketChannelImpl.finishConnect(Unknown Source) ~[?:?]
	at org.apache.flink.shaded.netty4.io.netty.channel.socket.nio.NioSocketChannel.doFinishConnect(NioSocketChannel.java:337) ~[flink-dist-2.2.1.jar:2.2.1]
	at org.apache.flink.shaded.netty4.io.netty.channel.nio.AbstractNioChannel$AbstractNioUnsafe.finishConnect(AbstractNioChannel.java:334) ~[flink-dist-2.2.1.jar:2.2.1]
	... 7 more
2026-07-17 23:49:19,779 WARN  org.apache.flink.client.program.rest.RestClusterClient       [] - Attempt to submit job 'insert-into_paimon_catalog.default.processed_transactions' (ea8ff574e63093d2011ffdde00c699f4) to 'http://0.0.0.0:8081' has failed.
java.util.concurrent.CompletionException: org.apache.flink.shaded.netty4.io.netty.channel.AbstractChannel$AnnotatedConnectException: Connection refused: /0.0.0.0:8081
	at java.base/java.util.concurrent.CompletableFuture.encodeThrowable(Unknown Source) ~[?:?]
	at java.base/java.util.concurrent.CompletableFuture.completeThrowable(Unknown Source) ~[?:?]
	at java.base/java.util.concurrent.CompletableFuture$UniCompose.tryFire(Unknown Source) ~[?:?]
	at java.base/java.util.concurrent.CompletableFuture.postComplete(Unknown Source) ~[?:?]
	at java.base/java.util.concurrent.CompletableFuture.completeExceptionally(Unknown Source) ~[?:?]
	at org.apache.flink.runtime.rest.RestClient.lambda$submitRequest$4(RestClient.java:617) ~[flink-dist-2.2.1.jar:2.2.1]
	at org.apache.flink.shaded.netty4.io.netty.util.concurrent.DefaultPromise.notifyListener0(DefaultPromise.java:590) ~[flink-dist-2.2.1.jar:2.2.1]
	at org.apache.flink.shaded.netty4.io.netty.util.concurrent.DefaultPromise.notifyListeners0(DefaultPromise.java:583) ~[flink-dist-2.2.1.jar:2.2.1]
	at org.apache.flink.shaded.netty4.io.netty.util.concurrent.DefaultPromise.notifyListenersNow(DefaultPromise.java:559) ~[flink-dist-2.2.1.jar:2.2.1]
	at org.apache.flink.shaded.netty4.io.netty.util.concurrent.DefaultPromise.notifyListeners(DefaultPromise.java:492) ~[flink-dist-2.2.1.jar:2.2.1]
	at org.apache.flink.shaded.netty4.io.netty.util.concurrent.DefaultPromise.setValue0(DefaultPromise.java:636) ~[flink-dist-2.2.1.jar:2.2.1]
	at org.apache.flink.shaded.netty4.io.netty.util.concurrent.DefaultPromise.setFailure0(DefaultPromise.java:629) ~[flink-dist-2.2.1.jar:2.2.1]
	at org.apache.flink.shaded.netty4.io.netty.util.concurrent.DefaultPromise.tryFailure(DefaultPromise.java:118) ~[flink-dist-2.2.1.jar:2.2.1]
	at org.apache.flink.shaded.netty4.io.netty.channel.nio.AbstractNioChannel$AbstractNioUnsafe.fulfillConnectPromise(AbstractNioChannel.java:321) ~[flink-dist-2.2.1.jar:2.2.1]
	at org.apache.flink.shaded.netty4.io.netty.channel.nio.AbstractNioChannel$AbstractNioUnsafe.finishConnect(AbstractNioChannel.java:337) ~[flink-dist-2.2.1.jar:2.2.1]
	at org.apache.flink.shaded.netty4.io.netty.channel.nio.NioEventLoop.processSelectedKey(NioEventLoop.java:776) ~[flink-dist-2.2.1.jar:2.2.1]
	at org.apache.flink.shaded.netty4.io.netty.channel.nio.NioEventLoop.processSelectedKeysOptimized(NioEventLoop.java:724) ~[flink-dist-2.2.1.jar:2.2.1]
	at org.apache.flink.shaded.netty4.io.netty.channel.nio.NioEventLoop.processSelectedKeys(NioEventLoop.java:650) ~[flink-dist-2.2.1.jar:2.2.1]
	at org.apache.flink.shaded.netty4.io.netty.channel.nio.NioEventLoop.run(NioEventLoop.java:562) ~[flink-dist-2.2.1.jar:2.2.1]
	at org.apache.flink.shaded.netty4.io.netty.util.concurrent.SingleThreadEventExecutor$4.run(SingleThreadEventExecutor.java:997) ~[flink-dist-2.2.1.jar:2.2.1]
	at org.apache.flink.shaded.netty4.io.netty.util.internal.ThreadExecutorMap$2.run(ThreadExecutorMap.java:74) ~[flink-dist-2.2.1.jar:2.2.1]
	at java.base/java.lang.Thread.run(Unknown Source) [?:?]
Caused by: org.apache.flink.shaded.netty4.io.netty.channel.AbstractChannel$AnnotatedConnectException: Connection refused: /0.0.0.0:8081
Caused by: java.net.ConnectException: Connection refused
	at java.base/sun.nio.ch.Net.pollConnect(Native Method) ~[?:?]
	at java.base/sun.nio.ch.Net.pollConnectNow(Unknown Source) ~[?:?]
	at java.base/sun.nio.ch.SocketChannelImpl.finishConnect(Unknown Source) ~[?:?]
	at org.apache.flink.shaded.netty4.io.netty.channel.socket.nio.NioSocketChannel.doFinishConnect(NioSocketChannel.java:337) ~[flink-dist-2.2.1.jar:2.2.1]
	at org.apache.flink.shaded.netty4.io.netty.channel.nio.AbstractNioChannel$AbstractNioUnsafe.finishConnect(AbstractNioChannel.java:334) ~[flink-dist-2.2.1.jar:2.2.1]
	... 7 more
2026-07-17 23:49:22,782 WARN  org.apache.flink.client.program.rest.RestClusterClient       [] - Attempt to submit job 'insert-into_paimon_catalog.default.processed_transactions' (ea8ff574e63093d2011ffdde00c699f4) to 'http://0.0.0.0:8081' has failed.
java.util.concurrent.CompletionException: org.apache.flink.shaded.netty4.io.netty.channel.AbstractChannel$AnnotatedConnectException: Connection refused: /0.0.0.0:8081
	at java.base/java.util.concurrent.CompletableFuture.encodeThrowable(Unknown Source) ~[?:?]
	at java.base/java.util.concurrent.CompletableFuture.completeThrowable(Unknown Source) ~[?:?]
	at java.base/java.util.concurrent.CompletableFuture$UniCompose.tryFire(Unknown Source) ~[?:?]
	at java.base/java.util.concurrent.CompletableFuture.postComplete(Unknown Source) ~[?:?]
	at java.base/java.util.concurrent.CompletableFuture.completeExceptionally(Unknown Source) ~[?:?]
	at org.apache.flink.runtime.rest.RestClient.lambda$submitRequest$4(RestClient.java:617) ~[flink-dist-2.2.1.jar:2.2.1]
	at org.apache.flink.shaded.netty4.io.netty.util.concurrent.DefaultPromise.notifyListener0(DefaultPromise.java:590) ~[flink-dist-2.2.1.jar:2.2.1]
	at org.apache.flink.shaded.netty4.io.netty.util.concurrent.DefaultPromise.notifyListeners0(DefaultPromise.java:583) ~[flink-dist-2.2.1.jar:2.2.1]
	at org.apache.flink.shaded.netty4.io.netty.util.concurrent.DefaultPromise.notifyListenersNow(DefaultPromise.java:559) ~[flink-dist-2.2.1.jar:2.2.1]
	at org.apache.flink.shaded.netty4.io.netty.util.concurrent.DefaultPromise.notifyListeners(DefaultPromise.java:492) ~[flink-dist-2.2.1.jar:2.2.1]
	at org.apache.flink.shaded.netty4.io.netty.util.concurrent.DefaultPromise.setValue0(DefaultPromise.java:636) ~[flink-dist-2.2.1.jar:2.2.1]
	at org.apache.flink.shaded.netty4.io.netty.util.concurrent.DefaultPromise.setFailure0(DefaultPromise.java:629) ~[flink-dist-2.2.1.jar:2.2.1]
	at org.apache.flink.shaded.netty4.io.netty.util.concurrent.DefaultPromise.tryFailure(DefaultPromise.java:118) ~[flink-dist-2.2.1.jar:2.2.1]
	at org.apache.flink.shaded.netty4.io.netty.channel.nio.AbstractNioChannel$AbstractNioUnsafe.fulfillConnectPromise(AbstractNioChannel.java:321) ~[flink-dist-2.2.1.jar:2.2.1]
	at org.apache.flink.shaded.netty4.io.netty.channel.nio.AbstractNioChannel$AbstractNioUnsafe.finishConnect(AbstractNioChannel.java:337) ~[flink-dist-2.2.1.jar:2.2.1]
	at org.apache.flink.shaded.netty4.io.netty.channel.nio.NioEventLoop.processSelectedKey(NioEventLoop.java:776) ~[flink-dist-2.2.1.jar:2.2.1]
	at org.apache.flink.shaded.netty4.io.netty.channel.nio.NioEventLoop.processSelectedKeysOptimized(NioEventLoop.java:724) ~[flink-dist-2.2.1.jar:2.2.1]
	at org.apache.flink.shaded.netty4.io.netty.channel.nio.NioEventLoop.processSelectedKeys(NioEventLoop.java:650) ~[flink-dist-2.2.1.jar:2.2.1]
	at org.apache.flink.shaded.netty4.io.netty.channel.nio.NioEventLoop.run(NioEventLoop.java:562) ~[flink-dist-2.2.1.jar:2.2.1]
	at org.apache.flink.shaded.netty4.io.netty.util.concurrent.SingleThreadEventExecutor$4.run(SingleThreadEventExecutor.java:997) ~[flink-dist-2.2.1.jar:2.2.1]
	at org.apache.flink.shaded.netty4.io.netty.util.internal.ThreadExecutorMap$2.run(ThreadExecutorMap.java:74) ~[flink-dist-2.2.1.jar:2.2.1]
	at java.base/java.lang.Thread.run(Unknown Source) [?:?]
Caused by: org.apache.flink.shaded.netty4.io.netty.channel.AbstractChannel$AnnotatedConnectException: Connection refused: /0.0.0.0:8081
Caused by: java.net.ConnectException: Connection refused
	at java.base/sun.nio.ch.Net.pollConnect(Native Method) ~[?:?]
	at java.base/sun.nio.ch.Net.pollConnectNow(Unknown Source) ~[?:?]
	at java.base/sun.nio.ch.SocketChannelImpl.finishConnect(Unknown Source) ~[?:?]
	at org.apache.flink.shaded.netty4.io.netty.channel.socket.nio.NioSocketChannel.doFinishConnect(NioSocketChannel.java:337) ~[flink-dist-2.2.1.jar:2.2.1]
	at org.apache.flink.shaded.netty4.io.netty.channel.nio.AbstractNioChannel$AbstractNioUnsafe.finishConnect(AbstractNioChannel.java:334) ~[flink-dist-2.2.1.jar:2.2.1]
	... 7 more
2026-07-17 23:49:25,784 WARN  org.apache.flink.client.program.rest.RestClusterClient       [] - Attempt to submit job 'insert-into_paimon_catalog.default.processed_transactions' (ea8ff574e63093d2011ffdde00c699f4) to 'http://0.0.0.0:8081' has failed.
java.util.concurrent.CompletionException: org.apache.flink.shaded.netty4.io.netty.channel.AbstractChannel$AnnotatedConnectException: Connection refused: /0.0.0.0:8081
	at java.base/java.util.concurrent.CompletableFuture.encodeThrowable(Unknown Source) ~[?:?]
	at java.base/java.util.concurrent.CompletableFuture.completeThrowable(Unknown Source) ~[?:?]
	at java.base/java.util.concurrent.CompletableFuture$UniCompose.tryFire(Unknown Source) ~[?:?]
	at java.base/java.util.concurrent.CompletableFuture.postComplete(Unknown Source) ~[?:?]
	at java.base/java.util.concurrent.CompletableFuture.completeExceptionally(Unknown Source) ~[?:?]
	at org.apache.flink.runtime.rest.RestClient.lambda$submitRequest$4(RestClient.java:617) ~[flink-dist-2.2.1.jar:2.2.1]
	at org.apache.flink.shaded.netty4.io.netty.util.concurrent.DefaultPromise.notifyListener0(DefaultPromise.java:590) ~[flink-dist-2.2.1.jar:2.2.1]
	at org.apache.flink.shaded.netty4.io.netty.util.concurrent.DefaultPromise.notifyListeners0(DefaultPromise.java:583) ~[flink-dist-2.2.1.jar:2.2.1]
	at org.apache.flink.shaded.netty4.io.netty.util.concurrent.DefaultPromise.notifyListenersNow(DefaultPromise.java:559) ~[flink-dist-2.2.1.jar:2.2.1]
	at org.apache.flink.shaded.netty4.io.netty.util.concurrent.DefaultPromise.notifyListeners(DefaultPromise.java:492) ~[flink-dist-2.2.1.jar:2.2.1]
	at org.apache.flink.shaded.netty4.io.netty.util.concurrent.DefaultPromise.setValue0(DefaultPromise.java:636) ~[flink-dist-2.2.1.jar:2.2.1]
	at org.apache.flink.shaded.netty4.io.netty.util.concurrent.DefaultPromise.setFailure0(DefaultPromise.java:629) ~[flink-dist-2.2.1.jar:2.2.1]
	at org.apache.flink.shaded.netty4.io.netty.util.concurrent.DefaultPromise.tryFailure(DefaultPromise.java:118) ~[flink-dist-2.2.1.jar:2.2.1]
	at org.apache.flink.shaded.netty4.io.netty.channel.nio.AbstractNioChannel$AbstractNioUnsafe.fulfillConnectPromise(AbstractNioChannel.java:321) ~[flink-dist-2.2.1.jar:2.2.1]
	at org.apache.flink.shaded.netty4.io.netty.channel.nio.AbstractNioChannel$AbstractNioUnsafe.finishConnect(AbstractNioChannel.java:337) ~[flink-dist-2.2.1.jar:2.2.1]
	at org.apache.flink.shaded.netty4.io.netty.channel.nio.NioEventLoop.processSelectedKey(NioEventLoop.java:776) ~[flink-dist-2.2.1.jar:2.2.1]
	at org.apache.flink.shaded.netty4.io.netty.channel.nio.NioEventLoop.processSelectedKeysOptimized(NioEventLoop.java:724) ~[flink-dist-2.2.1.jar:2.2.1]
	at org.apache.flink.shaded.netty4.io.netty.channel.nio.NioEventLoop.processSelectedKeys(NioEventLoop.java:650) ~[flink-dist-2.2.1.jar:2.2.1]
	at org.apache.flink.shaded.netty4.io.netty.channel.nio.NioEventLoop.run(NioEventLoop.java:562) ~[flink-dist-2.2.1.jar:2.2.1]
	at org.apache.flink.shaded.netty4.io.netty.util.concurrent.SingleThreadEventExecutor$4.run(SingleThreadEventExecutor.java:997) ~[flink-dist-2.2.1.jar:2.2.1]
	at org.apache.flink.shaded.netty4.io.netty.util.internal.ThreadExecutorMap$2.run(ThreadExecutorMap.java:74) ~[flink-dist-2.2.1.jar:2.2.1]
	at java.base/java.lang.Thread.run(Unknown Source) [?:?]
Caused by: org.apache.flink.shaded.netty4.io.netty.channel.AbstractChannel$AnnotatedConnectException: Connection refused: /0.0.0.0:8081
Caused by: java.net.ConnectException: Connection refused
	at java.base/sun.nio.ch.Net.pollConnect(Native Method) ~[?:?]
	at java.base/sun.nio.ch.Net.pollConnectNow(Unknown Source) ~[?:?]
	at java.base/sun.nio.ch.SocketChannelImpl.finishConnect(Unknown Source) ~[?:?]
	at org.apache.flink.shaded.netty4.io.netty.channel.socket.nio.NioSocketChannel.doFinishConnect(NioSocketChannel.java:337) ~[flink-dist-2.2.1.jar:2.2.1]
	at org.apache.flink.shaded.netty4.io.netty.channel.nio.AbstractNioChannel$AbstractNioUnsafe.finishConnect(AbstractNioChannel.java:334) ~[flink-dist-2.2.1.jar:2.2.1]
	... 7 more
2026-07-17 23:49:28,785 WARN  org.apache.flink.client.program.rest.RestClusterClient       [] - Attempt to submit job 'insert-into_paimon_catalog.default.processed_transactions' (ea8ff574e63093d2011ffdde00c699f4) to 'http://0.0.0.0:8081' has failed.
java.util.concurrent.CompletionException: org.apache.flink.shaded.netty4.io.netty.channel.AbstractChannel$AnnotatedConnectException: Connection refused: /0.0.0.0:8081
	at java.base/java.util.concurrent.CompletableFuture.encodeThrowable(Unknown Source) ~[?:?]
	at java.base/java.util.concurrent.CompletableFuture.completeThrowable(Unknown Source) ~[?:?]
	at java.base/java.util.concurrent.CompletableFuture$UniCompose.tryFire(Unknown Source) ~[?:?]
	at java.base/java.util.concurrent.CompletableFuture.postComplete(Unknown Source) ~[?:?]
	at java.base/java.util.concurrent.CompletableFuture.completeExceptionally(Unknown Source) ~[?:?]
	at org.apache.flink.runtime.rest.RestClient.lambda$submitRequest$4(RestClient.java:617) ~[flink-dist-2.2.1.jar:2.2.1]
	at org.apache.flink.shaded.netty4.io.netty.util.concurrent.DefaultPromise.notifyListener0(DefaultPromise.java:590) ~[flink-dist-2.2.1.jar:2.2.1]
	at org.apache.flink.shaded.netty4.io.netty.util.concurrent.DefaultPromise.notifyListeners0(DefaultPromise.java:583) ~[flink-dist-2.2.1.jar:2.2.1]
	at org.apache.flink.shaded.netty4.io.netty.util.concurrent.DefaultPromise.notifyListenersNow(DefaultPromise.java:559) ~[flink-dist-2.2.1.jar:2.2.1]
	at org.apache.flink.shaded.netty4.io.netty.util.concurrent.DefaultPromise.notifyListeners(DefaultPromise.java:492) ~[flink-dist-2.2.1.jar:2.2.1]
	at org.apache.flink.shaded.netty4.io.netty.util.concurrent.DefaultPromise.setValue0(DefaultPromise.java:636) ~[flink-dist-2.2.1.jar:2.2.1]
	at org.apache.flink.shaded.netty4.io.netty.util.concurrent.DefaultPromise.setFailure0(DefaultPromise.java:629) ~[flink-dist-2.2.1.jar:2.2.1]
	at org.apache.flink.shaded.netty4.io.netty.util.concurrent.DefaultPromise.tryFailure(DefaultPromise.java:118) ~[flink-dist-2.2.1.jar:2.2.1]
	at org.apache.flink.shaded.netty4.io.netty.channel.nio.AbstractNioChannel$AbstractNioUnsafe.fulfillConnectPromise(AbstractNioChannel.java:321) ~[flink-dist-2.2.1.jar:2.2.1]
	at org.apache.flink.shaded.netty4.io.netty.channel.nio.AbstractNioChannel$AbstractNioUnsafe.finishConnect(AbstractNioChannel.java:337) ~[flink-dist-2.2.1.jar:2.2.1]
	at org.apache.flink.shaded.netty4.io.netty.channel.nio.NioEventLoop.processSelectedKey(NioEventLoop.java:776) ~[flink-dist-2.2.1.jar:2.2.1]
	at org.apache.flink.shaded.netty4.io.netty.channel.nio.NioEventLoop.processSelectedKeysOptimized(NioEventLoop.java:724) ~[flink-dist-2.2.1.jar:2.2.1]
	at org.apache.flink.shaded.netty4.io.netty.channel.nio.NioEventLoop.processSelectedKeys(NioEventLoop.java:650) ~[flink-dist-2.2.1.jar:2.2.1]
	at org.apache.flink.shaded.netty4.io.netty.channel.nio.NioEventLoop.run(NioEventLoop.java:562) ~[flink-dist-2.2.1.jar:2.2.1]
	at org.apache.flink.shaded.netty4.io.netty.util.concurrent.SingleThreadEventExecutor$4.run(SingleThreadEventExecutor.java:997) ~[flink-dist-2.2.1.jar:2.2.1]
	at org.apache.flink.shaded.netty4.io.netty.util.internal.ThreadExecutorMap$2.run(ThreadExecutorMap.java:74) ~[flink-dist-2.2.1.jar:2.2.1]
	at java.base/java.lang.Thread.run(Unknown Source) [?:?]
Caused by: org.apache.flink.shaded.netty4.io.netty.channel.AbstractChannel$AnnotatedConnectException: Connection refused: /0.0.0.0:8081
Caused by: java.net.ConnectException: Connection refused
	at java.base/sun.nio.ch.Net.pollConnect(Native Method) ~[?:?]
	at java.base/sun.nio.ch.Net.pollConnectNow(Unknown Source) ~[?:?]
	at java.base/sun.nio.ch.SocketChannelImpl.finishConnect(Unknown Source) ~[?:?]
	at org.apache.flink.shaded.netty4.io.netty.channel.socket.nio.NioSocketChannel.doFinishConnect(NioSocketChannel.java:337) ~[flink-dist-2.2.1.jar:2.2.1]
	at org.apache.flink.shaded.netty4.io.netty.channel.nio.AbstractNioChannel$AbstractNioUnsafe.finishConnect(AbstractNioChannel.java:334) ~[flink-dist-2.2.1.jar:2.2.1]
	... 7 more
2026-07-17 23:49:31,787 WARN  org.apache.flink.client.program.rest.RestClusterClient       [] - Attempt to submit job 'insert-into_paimon_catalog.default.processed_transactions' (ea8ff574e63093d2011ffdde00c699f4) to 'http://0.0.0.0:8081' has failed.
java.util.concurrent.CompletionException: org.apache.flink.shaded.netty4.io.netty.channel.AbstractChannel$AnnotatedConnectException: Connection refused: /0.0.0.0:8081
	at java.base/java.util.concurrent.CompletableFuture.encodeThrowable(Unknown Source) ~[?:?]
	at java.base/java.util.concurrent.CompletableFuture.completeThrowable(Unknown Source) ~[?:?]
	at java.base/java.util.concurrent.CompletableFuture$UniCompose.tryFire(Unknown Source) ~[?:?]
	at java.base/java.util.concurrent.CompletableFuture.postComplete(Unknown Source) ~[?:?]
	at java.base/java.util.concurrent.CompletableFuture.completeExceptionally(Unknown Source) ~[?:?]
	at org.apache.flink.runtime.rest.RestClient.lambda$submitRequest$4(RestClient.java:617) ~[flink-dist-2.2.1.jar:2.2.1]
	at org.apache.flink.shaded.netty4.io.netty.util.concurrent.DefaultPromise.notifyListener0(DefaultPromise.java:590) ~[flink-dist-2.2.1.jar:2.2.1]
	at org.apache.flink.shaded.netty4.io.netty.util.concurrent.DefaultPromise.notifyListeners0(DefaultPromise.java:583) ~[flink-dist-2.2.1.jar:2.2.1]
	at org.apache.flink.shaded.netty4.io.netty.util.concurrent.DefaultPromise.notifyListenersNow(DefaultPromise.java:559) ~[flink-dist-2.2.1.jar:2.2.1]
	at org.apache.flink.shaded.netty4.io.netty.util.concurrent.DefaultPromise.notifyListeners(DefaultPromise.java:492) ~[flink-dist-2.2.1.jar:2.2.1]
	at org.apache.flink.shaded.netty4.io.netty.util.concurrent.DefaultPromise.setValue0(DefaultPromise.java:636) ~[flink-dist-2.2.1.jar:2.2.1]
	at org.apache.flink.shaded.netty4.io.netty.util.concurrent.DefaultPromise.setFailure0(DefaultPromise.java:629) ~[flink-dist-2.2.1.jar:2.2.1]
	at org.apache.flink.shaded.netty4.io.netty.util.concurrent.DefaultPromise.tryFailure(DefaultPromise.java:118) ~[flink-dist-2.2.1.jar:2.2.1]
	at org.apache.flink.shaded.netty4.io.netty.channel.nio.AbstractNioChannel$AbstractNioUnsafe.fulfillConnectPromise(AbstractNioChannel.java:321) ~[flink-dist-2.2.1.jar:2.2.1]
	at org.apache.flink.shaded.netty4.io.netty.channel.nio.AbstractNioChannel$AbstractNioUnsafe.finishConnect(AbstractNioChannel.java:337) ~[flink-dist-2.2.1.jar:2.2.1]
	at org.apache.flink.shaded.netty4.io.netty.channel.nio.NioEventLoop.processSelectedKey(NioEventLoop.java:776) ~[flink-dist-2.2.1.jar:2.2.1]
	at org.apache.flink.shaded.netty4.io.netty.channel.nio.NioEventLoop.processSelectedKeysOptimized(NioEventLoop.java:724) ~[flink-dist-2.2.1.jar:2.2.1]
	at org.apache.flink.shaded.netty4.io.netty.channel.nio.NioEventLoop.processSelectedKeys(NioEventLoop.java:650) ~[flink-dist-2.2.1.jar:2.2.1]
	at org.apache.flink.shaded.netty4.io.netty.channel.nio.NioEventLoop.run(NioEventLoop.java:562) ~[flink-dist-2.2.1.jar:2.2.1]
	at org.apache.flink.shaded.netty4.io.netty.util.concurrent.SingleThreadEventExecutor$4.run(SingleThreadEventExecutor.java:997) ~[flink-dist-2.2.1.jar:2.2.1]
	at org.apache.flink.shaded.netty4.io.netty.util.internal.ThreadExecutorMap$2.run(ThreadExecutorMap.java:74) ~[flink-dist-2.2.1.jar:2.2.1]
	at java.base/java.lang.Thread.run(Unknown Source) [?:?]
Caused by: org.apache.flink.shaded.netty4.io.netty.channel.AbstractChannel$AnnotatedConnectException: Connection refused: /0.0.0.0:8081
Caused by: java.net.ConnectException: Connection refused
	at java.base/sun.nio.ch.Net.pollConnect(Native Method) ~[?:?]
	at java.base/sun.nio.ch.Net.pollConnectNow(Unknown Source) ~[?:?]
	at java.base/sun.nio.ch.SocketChannelImpl.finishConnect(Unknown Source) ~[?:?]
	at org.apache.flink.shaded.netty4.io.netty.channel.socket.nio.NioSocketChannel.doFinishConnect(NioSocketChannel.java:337) ~[flink-dist-2.2.1.jar:2.2.1]
	at org.apache.flink.shaded.netty4.io.netty.channel.nio.AbstractNioChannel$AbstractNioUnsafe.finishConnect(AbstractNioChannel.java:334) ~[flink-dist-2.2.1.jar:2.2.1]
	... 7 more
2026-07-17 23:49:34,789 WARN  org.apache.flink.client.program.rest.RestClusterClient       [] - Attempt to submit job 'insert-into_paimon_catalog.default.processed_transactions' (ea8ff574e63093d2011ffdde00c699f4) to 'http://0.0.0.0:8081' has failed.
java.util.concurrent.CompletionException: org.apache.flink.shaded.netty4.io.netty.channel.AbstractChannel$AnnotatedConnectException: Connection refused: /0.0.0.0:8081
	at java.base/java.util.concurrent.CompletableFuture.encodeThrowable(Unknown Source) ~[?:?]
	at java.base/java.util.concurrent.CompletableFuture.completeThrowable(Unknown Source) ~[?:?]
	at java.base/java.util.concurrent.CompletableFuture$UniCompose.tryFire(Unknown Source) ~[?:?]
	at java.base/java.util.concurrent.CompletableFuture.postComplete(Unknown Source) ~[?:?]
	at java.base/java.util.concurrent.CompletableFuture.completeExceptionally(Unknown Source) ~[?:?]
	at org.apache.flink.runtime.rest.RestClient.lambda$submitRequest$4(RestClient.java:617) ~[flink-dist-2.2.1.jar:2.2.1]
	at org.apache.flink.shaded.netty4.io.netty.util.concurrent.DefaultPromise.notifyListener0(DefaultPromise.java:590) ~[flink-dist-2.2.1.jar:2.2.1]
	at org.apache.flink.shaded.netty4.io.netty.util.concurrent.DefaultPromise.notifyListeners0(DefaultPromise.java:583) ~[flink-dist-2.2.1.jar:2.2.1]
	at org.apache.flink.shaded.netty4.io.netty.util.concurrent.DefaultPromise.notifyListenersNow(DefaultPromise.java:559) ~[flink-dist-2.2.1.jar:2.2.1]
	at org.apache.flink.shaded.netty4.io.netty.util.concurrent.DefaultPromise.notifyListeners(DefaultPromise.java:492) ~[flink-dist-2.2.1.jar:2.2.1]
	at org.apache.flink.shaded.netty4.io.netty.util.concurrent.DefaultPromise.setValue0(DefaultPromise.java:636) ~[flink-dist-2.2.1.jar:2.2.1]
	at org.apache.flink.shaded.netty4.io.netty.util.concurrent.DefaultPromise.setFailure0(DefaultPromise.java:629) ~[flink-dist-2.2.1.jar:2.2.1]
	at org.apache.flink.shaded.netty4.io.netty.util.concurrent.DefaultPromise.tryFailure(DefaultPromise.java:118) ~[flink-dist-2.2.1.jar:2.2.1]
	at org.apache.flink.shaded.netty4.io.netty.channel.nio.AbstractNioChannel$AbstractNioUnsafe.fulfillConnectPromise(AbstractNioChannel.java:321) ~[flink-dist-2.2.1.jar:2.2.1]
	at org.apache.flink.shaded.netty4.io.netty.channel.nio.AbstractNioChannel$AbstractNioUnsafe.finishConnect(AbstractNioChannel.java:337) ~[flink-dist-2.2.1.jar:2.2.1]
	at org.apache.flink.shaded.netty4.io.netty.channel.nio.NioEventLoop.processSelectedKey(NioEventLoop.java:776) ~[flink-dist-2.2.1.jar:2.2.1]
	at org.apache.flink.shaded.netty4.io.netty.channel.nio.NioEventLoop.processSelectedKeysOptimized(NioEventLoop.java:724) ~[flink-dist-2.2.1.jar:2.2.1]
	at org.apache.flink.shaded.netty4.io.netty.channel.nio.NioEventLoop.processSelectedKeys(NioEventLoop.java:650) ~[flink-dist-2.2.1.jar:2.2.1]
	at org.apache.flink.shaded.netty4.io.netty.channel.nio.NioEventLoop.run(NioEventLoop.java:562) ~[flink-dist-2.2.1.jar:2.2.1]
	at org.apache.flink.shaded.netty4.io.netty.util.concurrent.SingleThreadEventExecutor$4.run(SingleThreadEventExecutor.java:997) ~[flink-dist-2.2.1.jar:2.2.1]
	at org.apache.flink.shaded.netty4.io.netty.util.internal.ThreadExecutorMap$2.run(ThreadExecutorMap.java:74) ~[flink-dist-2.2.1.jar:2.2.1]
	at java.base/java.lang.Thread.run(Unknown Source) [?:?]
Caused by: org.apache.flink.shaded.netty4.io.netty.channel.AbstractChannel$AnnotatedConnectException: Connection refused: /0.0.0.0:8081
Caused by: java.net.ConnectException: Connection refused
	at java.base/sun.nio.ch.Net.pollConnect(Native Method) ~[?:?]
	at java.base/sun.nio.ch.Net.pollConnectNow(Unknown Source) ~[?:?]
	at java.base/sun.nio.ch.SocketChannelImpl.finishConnect(Unknown Source) ~[?:?]
	at org.apache.flink.shaded.netty4.io.netty.channel.socket.nio.NioSocketChannel.doFinishConnect(NioSocketChannel.java:337) ~[flink-dist-2.2.1.jar:2.2.1]
	at org.apache.flink.shaded.netty4.io.netty.channel.nio.AbstractNioChannel$AbstractNioUnsafe.finishConnect(AbstractNioChannel.java:334) ~[flink-dist-2.2.1.jar:2.2.1]
	... 7 more
2026-07-17 23:49:37,791 WARN  org.apache.flink.client.program.rest.RestClusterClient       [] - Attempt to submit job 'insert-into_paimon_catalog.default.processed_transactions' (ea8ff574e63093d2011ffdde00c699f4) to 'http://0.0.0.0:8081' has failed.
java.util.concurrent.CompletionException: org.apache.flink.shaded.netty4.io.netty.channel.AbstractChannel$AnnotatedConnectException: Connection refused: /0.0.0.0:8081
	at java.base/java.util.concurrent.CompletableFuture.encodeThrowable(Unknown Source) ~[?:?]
	at java.base/java.util.concurrent.CompletableFuture.completeThrowable(Unknown Source) ~[?:?]
	at java.base/java.util.concurrent.CompletableFuture$UniCompose.tryFire(Unknown Source) ~[?:?]
	at java.base/java.util.concurrent.CompletableFuture.postComplete(Unknown Source) ~[?:?]
	at java.base/java.util.concurrent.CompletableFuture.completeExceptionally(Unknown Source) ~[?:?]
	at org.apache.flink.runtime.rest.RestClient.lambda$submitRequest$4(RestClient.java:617) ~[flink-dist-2.2.1.jar:2.2.1]
	at org.apache.flink.shaded.netty4.io.netty.util.concurrent.DefaultPromise.notifyListener0(DefaultPromise.java:590) ~[flink-dist-2.2.1.jar:2.2.1]
	at org.apache.flink.shaded.netty4.io.netty.util.concurrent.DefaultPromise.notifyListeners0(DefaultPromise.java:583) ~[flink-dist-2.2.1.jar:2.2.1]
	at org.apache.flink.shaded.netty4.io.netty.util.concurrent.DefaultPromise.notifyListenersNow(DefaultPromise.java:559) ~[flink-dist-2.2.1.jar:2.2.1]
	at org.apache.flink.shaded.netty4.io.netty.util.concurrent.DefaultPromise.notifyListeners(DefaultPromise.java:492) ~[flink-dist-2.2.1.jar:2.2.1]
	at org.apache.flink.shaded.netty4.io.netty.util.concurrent.DefaultPromise.setValue0(DefaultPromise.java:636) ~[flink-dist-2.2.1.jar:2.2.1]
	at org.apache.flink.shaded.netty4.io.netty.util.concurrent.DefaultPromise.setFailure0(DefaultPromise.java:629) ~[flink-dist-2.2.1.jar:2.2.1]
	at org.apache.flink.shaded.netty4.io.netty.util.concurrent.DefaultPromise.tryFailure(DefaultPromise.java:118) ~[flink-dist-2.2.1.jar:2.2.1]
	at org.apache.flink.shaded.netty4.io.netty.channel.nio.AbstractNioChannel$AbstractNioUnsafe.fulfillConnectPromise(AbstractNioChannel.java:321) ~[flink-dist-2.2.1.jar:2.2.1]
	at org.apache.flink.shaded.netty4.io.netty.channel.nio.AbstractNioChannel$AbstractNioUnsafe.finishConnect(AbstractNioChannel.java:337) ~[flink-dist-2.2.1.jar:2.2.1]
	at org.apache.flink.shaded.netty4.io.netty.channel.nio.NioEventLoop.processSelectedKey(NioEventLoop.java:776) ~[flink-dist-2.2.1.jar:2.2.1]
	at org.apache.flink.shaded.netty4.io.netty.channel.nio.NioEventLoop.processSelectedKeysOptimized(NioEventLoop.java:724) ~[flink-dist-2.2.1.jar:2.2.1]
	at org.apache.flink.shaded.netty4.io.netty.channel.nio.NioEventLoop.processSelectedKeys(NioEventLoop.java:650) ~[flink-dist-2.2.1.jar:2.2.1]
	at org.apache.flink.shaded.netty4.io.netty.channel.nio.NioEventLoop.run(NioEventLoop.java:562) ~[flink-dist-2.2.1.jar:2.2.1]
	at org.apache.flink.shaded.netty4.io.netty.util.concurrent.SingleThreadEventExecutor$4.run(SingleThreadEventExecutor.java:997) ~[flink-dist-2.2.1.jar:2.2.1]
	at org.apache.flink.shaded.netty4.io.netty.util.internal.ThreadExecutorMap$2.run(ThreadExecutorMap.java:74) ~[flink-dist-2.2.1.jar:2.2.1]
	at java.base/java.lang.Thread.run(Unknown Source) [?:?]
Caused by: org.apache.flink.shaded.netty4.io.netty.channel.AbstractChannel$AnnotatedConnectException: Connection refused: /0.0.0.0:8081
Caused by: java.net.ConnectException: Connection refused
	at java.base/sun.nio.ch.Net.pollConnect(Native Method) ~[?:?]
	at java.base/sun.nio.ch.Net.pollConnectNow(Unknown Source) ~[?:?]
	at java.base/sun.nio.ch.SocketChannelImpl.finishConnect(Unknown Source) ~[?:?]
	at org.apache.flink.shaded.netty4.io.netty.channel.socket.nio.NioSocketChannel.doFinishConnect(NioSocketChannel.java:337) ~[flink-dist-2.2.1.jar:2.2.1]
	at org.apache.flink.shaded.netty4.io.netty.channel.nio.AbstractNioChannel$AbstractNioUnsafe.finishConnect(AbstractNioChannel.java:334) ~[flink-dist-2.2.1.jar:2.2.1]
	... 7 more
2026-07-17 23:49:37,792 ERROR org.apache.flink.client.deployment.executors.AbstractSessionClusterExecutor [] - Failed to submit job graph to remote session cluster.
java.util.concurrent.CompletionException: org.apache.flink.runtime.client.JobSubmissionException: Failed to submit ExecutionPlan.
	at org.apache.flink.client.program.rest.RestClusterClient.lambda$submitJob$12(RestClusterClient.java:502) ~[flink-dist-2.2.1.jar:2.2.1]
	at java.base/java.util.concurrent.CompletableFuture.uniExceptionally(Unknown Source) ~[?:?]
	at java.base/java.util.concurrent.CompletableFuture$UniExceptionally.tryFire(Unknown Source) ~[?:?]
	at java.base/java.util.concurrent.CompletableFuture.postComplete(Unknown Source) ~[?:?]
	at java.base/java.util.concurrent.CompletableFuture.completeExceptionally(Unknown Source) ~[?:?]
	at org.apache.flink.util.concurrent.FutureUtils.lambda$retryOperationWithDelay$6(FutureUtils.java:298) ~[flink-dist-2.2.1.jar:2.2.1]
	at java.base/java.util.concurrent.CompletableFuture.uniWhenComplete(Unknown Source) ~[?:?]
	at java.base/java.util.concurrent.CompletableFuture$UniWhenComplete.tryFire(Unknown Source) ~[?:?]
	at java.base/java.util.concurrent.CompletableFuture.postComplete(Unknown Source) ~[?:?]
	at java.base/java.util.concurrent.CompletableFuture.completeExceptionally(Unknown Source) ~[?:?]
	at org.apache.flink.runtime.rest.RestClient.lambda$submitRequest$4(RestClient.java:617) ~[flink-dist-2.2.1.jar:2.2.1]
	at org.apache.flink.shaded.netty4.io.netty.util.concurrent.DefaultPromise.notifyListener0(DefaultPromise.java:590) ~[flink-dist-2.2.1.jar:2.2.1]
	at org.apache.flink.shaded.netty4.io.netty.util.concurrent.DefaultPromise.notifyListeners0(DefaultPromise.java:583) ~[flink-dist-2.2.1.jar:2.2.1]
	at org.apache.flink.shaded.netty4.io.netty.util.concurrent.DefaultPromise.notifyListenersNow(DefaultPromise.java:559) ~[flink-dist-2.2.1.jar:2.2.1]
	at org.apache.flink.shaded.netty4.io.netty.util.concurrent.DefaultPromise.notifyListeners(DefaultPromise.java:492) ~[flink-dist-2.2.1.jar:2.2.1]
	at org.apache.flink.shaded.netty4.io.netty.util.concurrent.DefaultPromise.setValue0(DefaultPromise.java:636) ~[flink-dist-2.2.1.jar:2.2.1]
	at org.apache.flink.shaded.netty4.io.netty.util.concurrent.DefaultPromise.setFailure0(DefaultPromise.java:629) ~[flink-dist-2.2.1.jar:2.2.1]
	at org.apache.flink.shaded.netty4.io.netty.util.concurrent.DefaultPromise.tryFailure(DefaultPromise.java:118) ~[flink-dist-2.2.1.jar:2.2.1]
	at org.apache.flink.shaded.netty4.io.netty.channel.nio.AbstractNioChannel$AbstractNioUnsafe.fulfillConnectPromise(AbstractNioChannel.java:321) ~[flink-dist-2.2.1.jar:2.2.1]
	at org.apache.flink.shaded.netty4.io.netty.channel.nio.AbstractNioChannel$AbstractNioUnsafe.finishConnect(AbstractNioChannel.java:337) ~[flink-dist-2.2.1.jar:2.2.1]
	at org.apache.flink.shaded.netty4.io.netty.channel.nio.NioEventLoop.processSelectedKey(NioEventLoop.java:776) ~[flink-dist-2.2.1.jar:2.2.1]
	at org.apache.flink.shaded.netty4.io.netty.channel.nio.NioEventLoop.processSelectedKeysOptimized(NioEventLoop.java:724) ~[flink-dist-2.2.1.jar:2.2.1]
	at org.apache.flink.shaded.netty4.io.netty.channel.nio.NioEventLoop.processSelectedKeys(NioEventLoop.java:650) ~[flink-dist-2.2.1.jar:2.2.1]
	at org.apache.flink.shaded.netty4.io.netty.channel.nio.NioEventLoop.run(NioEventLoop.java:562) ~[flink-dist-2.2.1.jar:2.2.1]
	at org.apache.flink.shaded.netty4.io.netty.util.concurrent.SingleThreadEventExecutor$4.run(SingleThreadEventExecutor.java:997) ~[flink-dist-2.2.1.jar:2.2.1]
	at org.apache.flink.shaded.netty4.io.netty.util.internal.ThreadExecutorMap$2.run(ThreadExecutorMap.java:74) ~[flink-dist-2.2.1.jar:2.2.1]
	at java.base/java.lang.Thread.run(Unknown Source) ~[?:?]
Caused by: org.apache.flink.runtime.client.JobSubmissionException: Failed to submit ExecutionPlan.
	... 27 more
Caused by: org.apache.flink.util.concurrent.FutureUtils$RetryException: Could not complete the operation. Number of retries has been exhausted.
	at org.apache.flink.util.concurrent.FutureUtils.lambda$retryOperationWithDelay$6(FutureUtils.java:294) ~[flink-dist-2.2.1.jar:2.2.1]
	... 21 more
Caused by: java.util.concurrent.CompletionException: org.apache.flink.shaded.netty4.io.netty.channel.AbstractChannel$AnnotatedConnectException: Connection refused: /0.0.0.0:8081
	at java.base/java.util.concurrent.CompletableFuture.encodeThrowable(Unknown Source) ~[?:?]
	at java.base/java.util.concurrent.CompletableFuture.completeThrowable(Unknown Source) ~[?:?]
	at java.base/java.util.concurrent.CompletableFuture$UniCompose.tryFire(Unknown Source) ~[?:?]
	... 19 more
Caused by: org.apache.flink.shaded.netty4.io.netty.channel.AbstractChannel$AnnotatedConnectException: Connection refused: /0.0.0.0:8081
Caused by: java.net.ConnectException: Connection refused
	at java.base/sun.nio.ch.Net.pollConnect(Native Method) ~[?:?]
	at java.base/sun.nio.ch.Net.pollConnectNow(Unknown Source) ~[?:?]
	at java.base/sun.nio.ch.SocketChannelImpl.finishConnect(Unknown Source) ~[?:?]
	at org.apache.flink.shaded.netty4.io.netty.channel.socket.nio.NioSocketChannel.doFinishConnect(NioSocketChannel.java:337) ~[flink-dist-2.2.1.jar:2.2.1]
	at org.apache.flink.shaded.netty4.io.netty.channel.nio.AbstractNioChannel$AbstractNioUnsafe.finishConnect(AbstractNioChannel.java:334) ~[flink-dist-2.2.1.jar:2.2.1]
	... 7 more
2026-07-17 23:49:37,795 ERROR org.apache.flink.table.gateway.service.operation.OperationManager [] - Failed to execute the operation 28755d75-69e2-4d75-87ad-0a988bce9ee4.
org.apache.flink.table.api.TableException: Failed to execute sql
	at org.apache.flink.table.api.internal.TableEnvironmentImpl.executeInternal(TableEnvironmentImpl.java:1266) ~[flink-table-api-java-uber-2.2.1.jar:2.2.1]
	at org.apache.flink.table.api.internal.TableEnvironmentImpl.executeInternal(TableEnvironmentImpl.java:1085) ~[flink-table-api-java-uber-2.2.1.jar:2.2.1]
	at org.apache.flink.table.gateway.service.operation.OperationExecutor.callModifyOperations(OperationExecutor.java:683) ~[flink-sql-gateway-2.2.1.jar:2.2.1]
	at org.apache.flink.table.gateway.service.operation.OperationExecutor.executeOperation(OperationExecutor.java:522) ~[flink-sql-gateway-2.2.1.jar:2.2.1]
	at org.apache.flink.table.gateway.service.operation.OperationExecutor.executeStatement(OperationExecutor.java:276) ~[flink-sql-gateway-2.2.1.jar:2.2.1]
	at org.apache.flink.table.gateway.service.operation.OperationExecutor.executeStatement(OperationExecutor.java:231) ~[flink-sql-gateway-2.2.1.jar:2.2.1]
	at org.apache.flink.table.gateway.service.SqlGatewayServiceImpl.lambda$executeStatement$1(SqlGatewayServiceImpl.java:221) ~[flink-sql-gateway-2.2.1.jar:2.2.1]
	at org.apache.flink.table.gateway.service.operation.OperationManager.lambda$submitOperation$1(OperationManager.java:120) ~[flink-sql-gateway-2.2.1.jar:2.2.1]
	at org.apache.flink.table.gateway.service.operation.OperationManager$Operation.lambda$run$0(OperationManager.java:259) ~[flink-sql-gateway-2.2.1.jar:2.2.1]
	at java.base/java.util.concurrent.Executors$RunnableAdapter.call(Unknown Source) ~[?:?]
	at java.base/java.util.concurrent.FutureTask.run(Unknown Source) ~[?:?]
	at java.base/java.util.concurrent.Executors$RunnableAdapter.call(Unknown Source) ~[?:?]
	at java.base/java.util.concurrent.FutureTask.run(Unknown Source) ~[?:?]
	at java.base/java.util.concurrent.ThreadPoolExecutor.runWorker(Unknown Source) ~[?:?]
	at java.base/java.util.concurrent.ThreadPoolExecutor$Worker.run(Unknown Source) ~[?:?]
	at java.base/java.lang.Thread.run(Unknown Source) [?:?]
Caused by: org.apache.flink.util.FlinkException: Failed to execute job 'insert-into_paimon_catalog.default.processed_transactions'.
	at org.apache.flink.streaming.api.environment.StreamExecutionEnvironment.executeAsync(StreamExecutionEnvironment.java:2008) ~[flink-dist-2.2.1.jar:2.2.1]
	at org.apache.flink.table.planner.delegation.DefaultExecutor.executeAsync(DefaultExecutor.java:110) ~[?:?]
	at org.apache.flink.table.api.internal.TableEnvironmentImpl.executeInternal(TableEnvironmentImpl.java:1238) ~[flink-table-api-java-uber-2.2.1.jar:2.2.1]
	... 15 more
Caused by: org.apache.flink.runtime.client.JobSubmissionException: Failed to submit ExecutionPlan.
	at org.apache.flink.client.program.rest.RestClusterClient.lambda$submitJob$12(RestClusterClient.java:502) ~[flink-dist-2.2.1.jar:2.2.1]
	at java.base/java.util.concurrent.CompletableFuture.uniExceptionally(Unknown Source) ~[?:?]
	at java.base/java.util.concurrent.CompletableFuture$UniExceptionally.tryFire(Unknown Source) ~[?:?]
	at java.base/java.util.concurrent.CompletableFuture.postComplete(Unknown Source) ~[?:?]
	at java.base/java.util.concurrent.CompletableFuture.completeExceptionally(Unknown Source) ~[?:?]
	at org.apache.flink.util.concurrent.FutureUtils.lambda$retryOperationWithDelay$6(FutureUtils.java:298) ~[flink-dist-2.2.1.jar:2.2.1]
	at java.base/java.util.concurrent.CompletableFuture.uniWhenComplete(Unknown Source) ~[?:?]
	at java.base/java.util.concurrent.CompletableFuture$UniWhenComplete.tryFire(Unknown Source) ~[?:?]
	at java.base/java.util.concurrent.CompletableFuture.postComplete(Unknown Source) ~[?:?]
	at java.base/java.util.concurrent.CompletableFuture.completeExceptionally(Unknown Source) ~[?:?]
	at org.apache.flink.runtime.rest.RestClient.lambda$submitRequest$4(RestClient.java:617) ~[flink-dist-2.2.1.jar:2.2.1]
	at org.apache.flink.shaded.netty4.io.netty.util.concurrent.DefaultPromise.notifyListener0(DefaultPromise.java:590) ~[flink-dist-2.2.1.jar:2.2.1]
	at org.apache.flink.shaded.netty4.io.netty.util.concurrent.DefaultPromise.notifyListeners0(DefaultPromise.java:583) ~[flink-dist-2.2.1.jar:2.2.1]
	at org.apache.flink.shaded.netty4.io.netty.util.concurrent.DefaultPromise.notifyListenersNow(DefaultPromise.java:559) ~[flink-dist-2.2.1.jar:2.2.1]
	at org.apache.flink.shaded.netty4.io.netty.util.concurrent.DefaultPromise.notifyListeners(DefaultPromise.java:492) ~[flink-dist-2.2.1.jar:2.2.1]
	at org.apache.flink.shaded.netty4.io.netty.util.concurrent.DefaultPromise.setValue0(DefaultPromise.java:636) ~[flink-dist-2.2.1.jar:2.2.1]
	at org.apache.flink.shaded.netty4.io.netty.util.concurrent.DefaultPromise.setFailure0(DefaultPromise.java:629) ~[flink-dist-2.2.1.jar:2.2.1]
	at org.apache.flink.shaded.netty4.io.netty.util.concurrent.DefaultPromise.tryFailure(DefaultPromise.java:118) ~[flink-dist-2.2.1.jar:2.2.1]
	at org.apache.flink.shaded.netty4.io.netty.channel.nio.AbstractNioChannel$AbstractNioUnsafe.fulfillConnectPromise(AbstractNioChannel.java:321) ~[flink-dist-2.2.1.jar:2.2.1]
	at org.apache.flink.shaded.netty4.io.netty.channel.nio.AbstractNioChannel$AbstractNioUnsafe.finishConnect(AbstractNioChannel.java:337) ~[flink-dist-2.2.1.jar:2.2.1]
	at org.apache.flink.shaded.netty4.io.netty.channel.nio.NioEventLoop.processSelectedKey(NioEventLoop.java:776) ~[flink-dist-2.2.1.jar:2.2.1]
	at org.apache.flink.shaded.netty4.io.netty.channel.nio.NioEventLoop.processSelectedKeysOptimized(NioEventLoop.java:724) ~[flink-dist-2.2.1.jar:2.2.1]
	at org.apache.flink.shaded.netty4.io.netty.channel.nio.NioEventLoop.processSelectedKeys(NioEventLoop.java:650) ~[flink-dist-2.2.1.jar:2.2.1]
	at org.apache.flink.shaded.netty4.io.netty.channel.nio.NioEventLoop.run(NioEventLoop.java:562) ~[flink-dist-2.2.1.jar:2.2.1]
	at org.apache.flink.shaded.netty4.io.netty.util.concurrent.SingleThreadEventExecutor$4.run(SingleThreadEventExecutor.java:997) ~[flink-dist-2.2.1.jar:2.2.1]
	at org.apache.flink.shaded.netty4.io.netty.util.internal.ThreadExecutorMap$2.run(ThreadExecutorMap.java:74) ~[flink-dist-2.2.1.jar:2.2.1]
	... 1 more
Caused by: org.apache.flink.util.concurrent.FutureUtils$RetryException: Could not complete the operation. Number of retries has been exhausted.
	at org.apache.flink.util.concurrent.FutureUtils.lambda$retryOperationWithDelay$6(FutureUtils.java:294) ~[flink-dist-2.2.1.jar:2.2.1]
	at java.base/java.util.concurrent.CompletableFuture.uniWhenComplete(Unknown Source) ~[?:?]
	at java.base/java.util.concurrent.CompletableFuture$UniWhenComplete.tryFire(Unknown Source) ~[?:?]
	at java.base/java.util.concurrent.CompletableFuture.postComplete(Unknown Source) ~[?:?]
	at java.base/java.util.concurrent.CompletableFuture.completeExceptionally(Unknown Source) ~[?:?]
	at org.apache.flink.runtime.rest.RestClient.lambda$submitRequest$4(RestClient.java:617) ~[flink-dist-2.2.1.jar:2.2.1]
	at org.apache.flink.shaded.netty4.io.netty.util.concurrent.DefaultPromise.notifyListener0(DefaultPromise.java:590) ~[flink-dist-2.2.1.jar:2.2.1]
	at org.apache.flink.shaded.netty4.io.netty.util.concurrent.DefaultPromise.notifyListeners0(DefaultPromise.java:583) ~[flink-dist-2.2.1.jar:2.2.1]
	at org.apache.flink.shaded.netty4.io.netty.util.concurrent.DefaultPromise.notifyListenersNow(DefaultPromise.java:559) ~[flink-dist-2.2.1.jar:2.2.1]
	at org.apache.flink.shaded.netty4.io.netty.util.concurrent.DefaultPromise.notifyListeners(DefaultPromise.java:492) ~[flink-dist-2.2.1.jar:2.2.1]
	at org.apache.flink.shaded.netty4.io.netty.util.concurrent.DefaultPromise.setValue0(DefaultPromise.java:636) ~[flink-dist-2.2.1.jar:2.2.1]
	at org.apache.flink.shaded.netty4.io.netty.util.concurrent.DefaultPromise.setFailure0(DefaultPromise.java:629) ~[flink-dist-2.2.1.jar:2.2.1]
	at org.apache.flink.shaded.netty4.io.netty.util.concurrent.DefaultPromise.tryFailure(DefaultPromise.java:118) ~[flink-dist-2.2.1.jar:2.2.1]
	at org.apache.flink.shaded.netty4.io.netty.channel.nio.AbstractNioChannel$AbstractNioUnsafe.fulfillConnectPromise(AbstractNioChannel.java:321) ~[flink-dist-2.2.1.jar:2.2.1]
	at org.apache.flink.shaded.netty4.io.netty.channel.nio.AbstractNioChannel$AbstractNioUnsafe.finishConnect(AbstractNioChannel.java:337) ~[flink-dist-2.2.1.jar:2.2.1]
	at org.apache.flink.shaded.netty4.io.netty.channel.nio.NioEventLoop.processSelectedKey(NioEventLoop.java:776) ~[flink-dist-2.2.1.jar:2.2.1]
	at org.apache.flink.shaded.netty4.io.netty.channel.nio.NioEventLoop.processSelectedKeysOptimized(NioEventLoop.java:724) ~[flink-dist-2.2.1.jar:2.2.1]
	at org.apache.flink.shaded.netty4.io.netty.channel.nio.NioEventLoop.processSelectedKeys(NioEventLoop.java:650) ~[flink-dist-2.2.1.jar:2.2.1]
	at org.apache.flink.shaded.netty4.io.netty.channel.nio.NioEventLoop.run(NioEventLoop.java:562) ~[flink-dist-2.2.1.jar:2.2.1]
	at org.apache.flink.shaded.netty4.io.netty.util.concurrent.SingleThreadEventExecutor$4.run(SingleThreadEventExecutor.java:997) ~[flink-dist-2.2.1.jar:2.2.1]
	at org.apache.flink.shaded.netty4.io.netty.util.internal.ThreadExecutorMap$2.run(ThreadExecutorMap.java:74) ~[flink-dist-2.2.1.jar:2.2.1]
	... 1 more
Caused by: java.util.concurrent.CompletionException: org.apache.flink.shaded.netty4.io.netty.channel.AbstractChannel$AnnotatedConnectException: Connection refused: /0.0.0.0:8081
	at java.base/java.util.concurrent.CompletableFuture.encodeThrowable(Unknown Source) ~[?:?]
	at java.base/java.util.concurrent.CompletableFuture.completeThrowable(Unknown Source) ~[?:?]
	at java.base/java.util.concurrent.CompletableFuture$UniCompose.tryFire(Unknown Source) ~[?:?]
	at java.base/java.util.concurrent.CompletableFuture.postComplete(Unknown Source) ~[?:?]
	at java.base/java.util.concurrent.CompletableFuture.completeExceptionally(Unknown Source) ~[?:?]
	at org.apache.flink.runtime.rest.RestClient.lambda$submitRequest$4(RestClient.java:617) ~[flink-dist-2.2.1.jar:2.2.1]
	at org.apache.flink.shaded.netty4.io.netty.util.concurrent.DefaultPromise.notifyListener0(DefaultPromise.java:590) ~[flink-dist-2.2.1.jar:2.2.1]
	at org.apache.flink.shaded.netty4.io.netty.util.concurrent.DefaultPromise.notifyListeners0(DefaultPromise.java:583) ~[flink-dist-2.2.1.jar:2.2.1]
	at org.apache.flink.shaded.netty4.io.netty.util.concurrent.DefaultPromise.notifyListenersNow(DefaultPromise.java:559) ~[flink-dist-2.2.1.jar:2.2.1]
	at org.apache.flink.shaded.netty4.io.netty.util.concurrent.DefaultPromise.notifyListeners(DefaultPromise.java:492) ~[flink-dist-2.2.1.jar:2.2.1]
	at org.apache.flink.shaded.netty4.io.netty.util.concurrent.DefaultPromise.setValue0(DefaultPromise.java:636) ~[flink-dist-2.2.1.jar:2.2.1]
	at org.apache.flink.shaded.netty4.io.netty.util.concurrent.DefaultPromise.setFailure0(DefaultPromise.java:629) ~[flink-dist-2.2.1.jar:2.2.1]
	at org.apache.flink.shaded.netty4.io.netty.util.concurrent.DefaultPromise.tryFailure(DefaultPromise.java:118) ~[flink-dist-2.2.1.jar:2.2.1]
	at org.apache.flink.shaded.netty4.io.netty.channel.nio.AbstractNioChannel$AbstractNioUnsafe.fulfillConnectPromise(AbstractNioChannel.java:321) ~[flink-dist-2.2.1.jar:2.2.1]
	at org.apache.flink.shaded.netty4.io.netty.channel.nio.AbstractNioChannel$AbstractNioUnsafe.finishConnect(AbstractNioChannel.java:337) ~[flink-dist-2.2.1.jar:2.2.1]
	at org.apache.flink.shaded.netty4.io.netty.channel.nio.NioEventLoop.processSelectedKey(NioEventLoop.java:776) ~[flink-dist-2.2.1.jar:2.2.1]
	at org.apache.flink.shaded.netty4.io.netty.channel.nio.NioEventLoop.processSelectedKeysOptimized(NioEventLoop.java:724) ~[flink-dist-2.2.1.jar:2.2.1]
	at org.apache.flink.shaded.netty4.io.netty.channel.nio.NioEventLoop.processSelectedKeys(NioEventLoop.java:650) ~[flink-dist-2.2.1.jar:2.2.1]
	at org.apache.flink.shaded.netty4.io.netty.channel.nio.NioEventLoop.run(NioEventLoop.java:562) ~[flink-dist-2.2.1.jar:2.2.1]
	at org.apache.flink.shaded.netty4.io.netty.util.concurrent.SingleThreadEventExecutor$4.run(SingleThreadEventExecutor.java:997) ~[flink-dist-2.2.1.jar:2.2.1]
	at org.apache.flink.shaded.netty4.io.netty.util.internal.ThreadExecutorMap$2.run(ThreadExecutorMap.java:74) ~[flink-dist-2.2.1.jar:2.2.1]
	... 1 more
Caused by: org.apache.flink.shaded.netty4.io.netty.channel.AbstractChannel$AnnotatedConnectException: Connection refused: /0.0.0.0:8081
Caused by: java.net.ConnectException: Connection refused
	at java.base/sun.nio.ch.Net.pollConnect(Native Method) ~[?:?]
	at java.base/sun.nio.ch.Net.pollConnectNow(Unknown Source) ~[?:?]
	at java.base/sun.nio.ch.SocketChannelImpl.finishConnect(Unknown Source) ~[?:?]
	at org.apache.flink.shaded.netty4.io.netty.channel.socket.nio.NioSocketChannel.doFinishConnect(NioSocketChannel.java:337) ~[flink-dist-2.2.1.jar:2.2.1]
	at org.apache.flink.shaded.netty4.io.netty.channel.nio.AbstractNioChannel$AbstractNioUnsafe.finishConnect(AbstractNioChannel.java:334) ~[flink-dist-2.2.1.jar:2.2.1]
	at org.apache.flink.shaded.netty4.io.netty.channel.nio.NioEventLoop.processSelectedKey(NioEventLoop.java:776) ~[flink-dist-2.2.1.jar:2.2.1]
	at org.apache.flink.shaded.netty4.io.netty.channel.nio.NioEventLoop.processSelectedKeysOptimized(NioEventLoop.java:724) ~[flink-dist-2.2.1.jar:2.2.1]
	at org.apache.flink.shaded.netty4.io.netty.channel.nio.NioEventLoop.processSelectedKeys(NioEventLoop.java:650) ~[flink-dist-2.2.1.jar:2.2.1]
	at org.apache.flink.shaded.netty4.io.netty.channel.nio.NioEventLoop.run(NioEventLoop.java:562) ~[flink-dist-2.2.1.jar:2.2.1]
	at org.apache.flink.shaded.netty4.io.netty.util.concurrent.SingleThreadEventExecutor$4.run(SingleThreadEventExecutor.java:997) ~[flink-dist-2.2.1.jar:2.2.1]
	at org.apache.flink.shaded.netty4.io.netty.util.internal.ThreadExecutorMap$2.run(ThreadExecutorMap.java:74) ~[flink-dist-2.2.1.jar:2.2.1]
	... 1 more
2026-07-17 23:49:37,826 ERROR org.apache.flink.table.gateway.service.SqlGatewayServiceImpl [] - Failed to fetchResults.
org.apache.flink.table.gateway.service.utils.SqlExecutionException: Failed to execute the operation 28755d75-69e2-4d75-87ad-0a988bce9ee4.
	at org.apache.flink.table.gateway.service.operation.OperationManager$Operation.processThrowable(OperationManager.java:415) ~[flink-sql-gateway-2.2.1.jar:2.2.1]
	at org.apache.flink.table.gateway.service.operation.OperationManager$Operation.lambda$run$0(OperationManager.java:268) ~[flink-sql-gateway-2.2.1.jar:2.2.1]
	at java.base/java.util.concurrent.Executors$RunnableAdapter.call(Unknown Source) ~[?:?]
	at java.base/java.util.concurrent.FutureTask.run(Unknown Source) ~[?:?]
	at java.base/java.util.concurrent.Executors$RunnableAdapter.call(Unknown Source) ~[?:?]
	at java.base/java.util.concurrent.FutureTask.run(Unknown Source) ~[?:?]
	at java.base/java.util.concurrent.ThreadPoolExecutor.runWorker(Unknown Source) ~[?:?]
	at java.base/java.util.concurrent.ThreadPoolExecutor$Worker.run(Unknown Source) ~[?:?]
	at java.base/java.lang.Thread.run(Unknown Source) [?:?]
Caused by: org.apache.flink.table.api.TableException: Failed to execute sql
	at org.apache.flink.table.api.internal.TableEnvironmentImpl.executeInternal(TableEnvironmentImpl.java:1266) ~[flink-table-api-java-uber-2.2.1.jar:2.2.1]
	at org.apache.flink.table.api.internal.TableEnvironmentImpl.executeInternal(TableEnvironmentImpl.java:1085) ~[flink-table-api-java-uber-2.2.1.jar:2.2.1]
	at org.apache.flink.table.gateway.service.operation.OperationExecutor.callModifyOperations(OperationExecutor.java:683) ~[flink-sql-gateway-2.2.1.jar:2.2.1]
	at org.apache.flink.table.gateway.service.operation.OperationExecutor.executeOperation(OperationExecutor.java:522) ~[flink-sql-gateway-2.2.1.jar:2.2.1]
	at org.apache.flink.table.gateway.service.operation.OperationExecutor.executeStatement(OperationExecutor.java:276) ~[flink-sql-gateway-2.2.1.jar:2.2.1]
	at org.apache.flink.table.gateway.service.operation.OperationExecutor.executeStatement(OperationExecutor.java:231) ~[flink-sql-gateway-2.2.1.jar:2.2.1]
	at org.apache.flink.table.gateway.service.SqlGatewayServiceImpl.lambda$executeStatement$1(SqlGatewayServiceImpl.java:221) ~[flink-sql-gateway-2.2.1.jar:2.2.1]
	at org.apache.flink.table.gateway.service.operation.OperationManager.lambda$submitOperation$1(OperationManager.java:120) ~[flink-sql-gateway-2.2.1.jar:2.2.1]
	at org.apache.flink.table.gateway.service.operation.OperationManager$Operation.lambda$run$0(OperationManager.java:259) ~[flink-sql-gateway-2.2.1.jar:2.2.1]
	... 7 more
Caused by: org.apache.flink.util.FlinkException: Failed to execute job 'insert-into_paimon_catalog.default.processed_transactions'.
	at org.apache.flink.streaming.api.environment.StreamExecutionEnvironment.executeAsync(StreamExecutionEnvironment.java:2008) ~[flink-dist-2.2.1.jar:2.2.1]
	at org.apache.flink.table.planner.delegation.DefaultExecutor.executeAsync(DefaultExecutor.java:110) ~[?:?]
	at org.apache.flink.table.api.internal.TableEnvironmentImpl.executeInternal(TableEnvironmentImpl.java:1238) ~[flink-table-api-java-uber-2.2.1.jar:2.2.1]
	at org.apache.flink.table.api.internal.TableEnvironmentImpl.executeInternal(TableEnvironmentImpl.java:1085) ~[flink-table-api-java-uber-2.2.1.jar:2.2.1]
	at org.apache.flink.table.gateway.service.operation.OperationExecutor.callModifyOperations(OperationExecutor.java:683) ~[flink-sql-gateway-2.2.1.jar:2.2.1]
	at org.apache.flink.table.gateway.service.operation.OperationExecutor.executeOperation(OperationExecutor.java:522) ~[flink-sql-gateway-2.2.1.jar:2.2.1]
	at org.apache.flink.table.gateway.service.operation.OperationExecutor.executeStatement(OperationExecutor.java:276) ~[flink-sql-gateway-2.2.1.jar:2.2.1]
	at org.apache.flink.table.gateway.service.operation.OperationExecutor.executeStatement(OperationExecutor.java:231) ~[flink-sql-gateway-2.2.1.jar:2.2.1]
	at org.apache.flink.table.gateway.service.SqlGatewayServiceImpl.lambda$executeStatement$1(SqlGatewayServiceImpl.java:221) ~[flink-sql-gateway-2.2.1.jar:2.2.1]
	at org.apache.flink.table.gateway.service.operation.OperationManager.lambda$submitOperation$1(OperationManager.java:120) ~[flink-sql-gateway-2.2.1.jar:2.2.1]
	at org.apache.flink.table.gateway.service.operation.OperationManager$Operation.lambda$run$0(OperationManager.java:259) ~[flink-sql-gateway-2.2.1.jar:2.2.1]
	... 7 more
Caused by: org.apache.flink.runtime.client.JobSubmissionException: Failed to submit ExecutionPlan.
	at org.apache.flink.client.program.rest.RestClusterClient.lambda$submitJob$12(RestClusterClient.java:502) ~[flink-dist-2.2.1.jar:2.2.1]
	at java.base/java.util.concurrent.CompletableFuture.uniExceptionally(Unknown Source) ~[?:?]
	at java.base/java.util.concurrent.CompletableFuture$UniExceptionally.tryFire(Unknown Source) ~[?:?]
	at java.base/java.util.concurrent.CompletableFuture.postComplete(Unknown Source) ~[?:?]
	at java.base/java.util.concurrent.CompletableFuture.completeExceptionally(Unknown Source) ~[?:?]
	at org.apache.flink.util.concurrent.FutureUtils.lambda$retryOperationWithDelay$6(FutureUtils.java:298) ~[flink-dist-2.2.1.jar:2.2.1]
	at java.base/java.util.concurrent.CompletableFuture.uniWhenComplete(Unknown Source) ~[?:?]
	at java.base/java.util.concurrent.CompletableFuture$UniWhenComplete.tryFire(Unknown Source) ~[?:?]
	at java.base/java.util.concurrent.CompletableFuture.postComplete(Unknown Source) ~[?:?]
	at java.base/java.util.concurrent.CompletableFuture.completeExceptionally(Unknown Source) ~[?:?]
	at org.apache.flink.runtime.rest.RestClient.lambda$submitRequest$4(RestClient.java:617) ~[flink-dist-2.2.1.jar:2.2.1]
	at org.apache.flink.shaded.netty4.io.netty.util.concurrent.DefaultPromise.notifyListener0(DefaultPromise.java:590) ~[flink-dist-2.2.1.jar:2.2.1]
	at org.apache.flink.shaded.netty4.io.netty.util.concurrent.DefaultPromise.notifyListeners0(DefaultPromise.java:583) ~[flink-dist-2.2.1.jar:2.2.1]
	at org.apache.flink.shaded.netty4.io.netty.util.concurrent.DefaultPromise.notifyListenersNow(DefaultPromise.java:559) ~[flink-dist-2.2.1.jar:2.2.1]
	at org.apache.flink.shaded.netty4.io.netty.util.concurrent.DefaultPromise.notifyListeners(DefaultPromise.java:492) ~[flink-dist-2.2.1.jar:2.2.1]
	at org.apache.flink.shaded.netty4.io.netty.util.concurrent.DefaultPromise.setValue0(DefaultPromise.java:636) ~[flink-dist-2.2.1.jar:2.2.1]
	at org.apache.flink.shaded.netty4.io.netty.util.concurrent.DefaultPromise.setFailure0(DefaultPromise.java:629) ~[flink-dist-2.2.1.jar:2.2.1]
	at org.apache.flink.shaded.netty4.io.netty.util.concurrent.DefaultPromise.tryFailure(DefaultPromise.java:118) ~[flink-dist-2.2.1.jar:2.2.1]
	at org.apache.flink.shaded.netty4.io.netty.channel.nio.AbstractNioChannel$AbstractNioUnsafe.fulfillConnectPromise(AbstractNioChannel.java:321) ~[flink-dist-2.2.1.jar:2.2.1]
	at org.apache.flink.shaded.netty4.io.netty.channel.nio.AbstractNioChannel$AbstractNioUnsafe.finishConnect(AbstractNioChannel.java:337) ~[flink-dist-2.2.1.jar:2.2.1]
	at org.apache.flink.shaded.netty4.io.netty.channel.nio.NioEventLoop.processSelectedKey(NioEventLoop.java:776) ~[flink-dist-2.2.1.jar:2.2.1]
	at org.apache.flink.shaded.netty4.io.netty.channel.nio.NioEventLoop.processSelectedKeysOptimized(NioEventLoop.java:724) ~[flink-dist-2.2.1.jar:2.2.1]
	at org.apache.flink.shaded.netty4.io.netty.channel.nio.NioEventLoop.processSelectedKeys(NioEventLoop.java:650) ~[flink-dist-2.2.1.jar:2.2.1]
	at org.apache.flink.shaded.netty4.io.netty.channel.nio.NioEventLoop.run(NioEventLoop.java:562) ~[flink-dist-2.2.1.jar:2.2.1]
	at org.apache.flink.shaded.netty4.io.netty.util.concurrent.SingleThreadEventExecutor$4.run(SingleThreadEventExecutor.java:997) ~[flink-dist-2.2.1.jar:2.2.1]
	at org.apache.flink.shaded.netty4.io.netty.util.internal.ThreadExecutorMap$2.run(ThreadExecutorMap.java:74) ~[flink-dist-2.2.1.jar:2.2.1]
	... 1 more
Caused by: org.apache.flink.util.concurrent.FutureUtils$RetryException: Could not complete the operation. Number of retries has been exhausted.
	at org.apache.flink.util.concurrent.FutureUtils.lambda$retryOperationWithDelay$6(FutureUtils.java:294) ~[flink-dist-2.2.1.jar:2.2.1]
	at java.base/java.util.concurrent.CompletableFuture.uniWhenComplete(Unknown Source) ~[?:?]
	at java.base/java.util.concurrent.CompletableFuture$UniWhenComplete.tryFire(Unknown Source) ~[?:?]
	at java.base/java.util.concurrent.CompletableFuture.postComplete(Unknown Source) ~[?:?]
	at java.base/java.util.concurrent.CompletableFuture.completeExceptionally(Unknown Source) ~[?:?]
	at org.apache.flink.runtime.rest.RestClient.lambda$submitRequest$4(RestClient.java:617) ~[flink-dist-2.2.1.jar:2.2.1]
	at org.apache.flink.shaded.netty4.io.netty.util.concurrent.DefaultPromise.notifyListener0(DefaultPromise.java:590) ~[flink-dist-2.2.1.jar:2.2.1]
	at org.apache.flink.shaded.netty4.io.netty.util.concurrent.DefaultPromise.notifyListeners0(DefaultPromise.java:583) ~[flink-dist-2.2.1.jar:2.2.1]
	at org.apache.flink.shaded.netty4.io.netty.util.concurrent.DefaultPromise.notifyListenersNow(DefaultPromise.java:559) ~[flink-dist-2.2.1.jar:2.2.1]
	at org.apache.flink.shaded.netty4.io.netty.util.concurrent.DefaultPromise.notifyListeners(DefaultPromise.java:492) ~[flink-dist-2.2.1.jar:2.2.1]
	at org.apache.flink.shaded.netty4.io.netty.util.concurrent.DefaultPromise.setValue0(DefaultPromise.java:636) ~[flink-dist-2.2.1.jar:2.2.1]
	at org.apache.flink.shaded.netty4.io.netty.util.concurrent.DefaultPromise.setFailure0(DefaultPromise.java:629) ~[flink-dist-2.2.1.jar:2.2.1]
	at org.apache.flink.shaded.netty4.io.netty.util.concurrent.DefaultPromise.tryFailure(DefaultPromise.java:118) ~[flink-dist-2.2.1.jar:2.2.1]
	at org.apache.flink.shaded.netty4.io.netty.channel.nio.AbstractNioChannel$AbstractNioUnsafe.fulfillConnectPromise(AbstractNioChannel.java:321) ~[flink-dist-2.2.1.jar:2.2.1]
	at org.apache.flink.shaded.netty4.io.netty.channel.nio.AbstractNioChannel$AbstractNioUnsafe.finishConnect(AbstractNioChannel.java:337) ~[flink-dist-2.2.1.jar:2.2.1]
	at org.apache.flink.shaded.netty4.io.netty.channel.nio.NioEventLoop.processSelectedKey(NioEventLoop.java:776) ~[flink-dist-2.2.1.jar:2.2.1]
	at org.apache.flink.shaded.netty4.io.netty.channel.nio.NioEventLoop.processSelectedKeysOptimized(NioEventLoop.java:724) ~[flink-dist-2.2.1.jar:2.2.1]
	at org.apache.flink.shaded.netty4.io.netty.channel.nio.NioEventLoop.processSelectedKeys(NioEventLoop.java:650) ~[flink-dist-2.2.1.jar:2.2.1]
	at org.apache.flink.shaded.netty4.io.netty.channel.nio.NioEventLoop.run(NioEventLoop.java:562) ~[flink-dist-2.2.1.jar:2.2.1]
	at org.apache.flink.shaded.netty4.io.netty.util.concurrent.SingleThreadEventExecutor$4.run(SingleThreadEventExecutor.java:997) ~[flink-dist-2.2.1.jar:2.2.1]
	at org.apache.flink.shaded.netty4.io.netty.util.internal.ThreadExecutorMap$2.run(ThreadExecutorMap.java:74) ~[flink-dist-2.2.1.jar:2.2.1]
	... 1 more
Caused by: java.util.concurrent.CompletionException: org.apache.flink.shaded.netty4.io.netty.channel.AbstractChannel$AnnotatedConnectException: Connection refused: /0.0.0.0:8081
	at java.base/java.util.concurrent.CompletableFuture.encodeThrowable(Unknown Source) ~[?:?]
	at java.base/java.util.concurrent.CompletableFuture.completeThrowable(Unknown Source) ~[?:?]
	at java.base/java.util.concurrent.CompletableFuture$UniCompose.tryFire(Unknown Source) ~[?:?]
	at java.base/java.util.concurrent.CompletableFuture.postComplete(Unknown Source) ~[?:?]
	at java.base/java.util.concurrent.CompletableFuture.completeExceptionally(Unknown Source) ~[?:?]
	at org.apache.flink.runtime.rest.RestClient.lambda$submitRequest$4(RestClient.java:617) ~[flink-dist-2.2.1.jar:2.2.1]
	at org.apache.flink.shaded.netty4.io.netty.util.concurrent.DefaultPromise.notifyListener0(DefaultPromise.java:590) ~[flink-dist-2.2.1.jar:2.2.1]
	at org.apache.flink.shaded.netty4.io.netty.util.concurrent.DefaultPromise.notifyListeners0(DefaultPromise.java:583) ~[flink-dist-2.2.1.jar:2.2.1]
	at org.apache.flink.shaded.netty4.io.netty.util.concurrent.DefaultPromise.notifyListenersNow(DefaultPromise.java:559) ~[flink-dist-2.2.1.jar:2.2.1]
	at org.apache.flink.shaded.netty4.io.netty.util.concurrent.DefaultPromise.notifyListeners(DefaultPromise.java:492) ~[flink-dist-2.2.1.jar:2.2.1]
	at org.apache.flink.shaded.netty4.io.netty.util.concurrent.DefaultPromise.setValue0(DefaultPromise.java:636) ~[flink-dist-2.2.1.jar:2.2.1]
	at org.apache.flink.shaded.netty4.io.netty.util.concurrent.DefaultPromise.setFailure0(DefaultPromise.java:629) ~[flink-dist-2.2.1.jar:2.2.1]
	at org.apache.flink.shaded.netty4.io.netty.util.concurrent.DefaultPromise.tryFailure(DefaultPromise.java:118) ~[flink-dist-2.2.1.jar:2.2.1]
	at org.apache.flink.shaded.netty4.io.netty.channel.nio.AbstractNioChannel$AbstractNioUnsafe.fulfillConnectPromise(AbstractNioChannel.java:321) ~[flink-dist-2.2.1.jar:2.2.1]
	at org.apache.flink.shaded.netty4.io.netty.channel.nio.AbstractNioChannel$AbstractNioUnsafe.finishConnect(AbstractNioChannel.java:337) ~[flink-dist-2.2.1.jar:2.2.1]
	at org.apache.flink.shaded.netty4.io.netty.channel.nio.NioEventLoop.processSelectedKey(NioEventLoop.java:776) ~[flink-dist-2.2.1.jar:2.2.1]
	at org.apache.flink.shaded.netty4.io.netty.channel.nio.NioEventLoop.processSelectedKeysOptimized(NioEventLoop.java:724) ~[flink-dist-2.2.1.jar:2.2.1]
	at org.apache.flink.shaded.netty4.io.netty.channel.nio.NioEventLoop.processSelectedKeys(NioEventLoop.java:650) ~[flink-dist-2.2.1.jar:2.2.1]
	at org.apache.flink.shaded.netty4.io.netty.channel.nio.NioEventLoop.run(NioEventLoop.java:562) ~[flink-dist-2.2.1.jar:2.2.1]
	at org.apache.flink.shaded.netty4.io.netty.util.concurrent.SingleThreadEventExecutor$4.run(SingleThreadEventExecutor.java:997) ~[flink-dist-2.2.1.jar:2.2.1]
	at org.apache.flink.shaded.netty4.io.netty.util.internal.ThreadExecutorMap$2.run(ThreadExecutorMap.java:74) ~[flink-dist-2.2.1.jar:2.2.1]
	... 1 more
Caused by: org.apache.flink.shaded.netty4.io.netty.channel.AbstractChannel$AnnotatedConnectException: Connection refused: /0.0.0.0:8081
Caused by: java.net.ConnectException: Connection refused
	at java.base/sun.nio.ch.Net.pollConnect(Native Method) ~[?:?]
	at java.base/sun.nio.ch.Net.pollConnectNow(Unknown Source) ~[?:?]
	at java.base/sun.nio.ch.SocketChannelImpl.finishConnect(Unknown Source) ~[?:?]
	at org.apache.flink.shaded.netty4.io.netty.channel.socket.nio.NioSocketChannel.doFinishConnect(NioSocketChannel.java:337) ~[flink-dist-2.2.1.jar:2.2.1]
	at org.apache.flink.shaded.netty4.io.netty.channel.nio.AbstractNioChannel$AbstractNioUnsafe.finishConnect(AbstractNioChannel.java:334) ~[flink-dist-2.2.1.jar:2.2.1]
	at org.apache.flink.shaded.netty4.io.netty.channel.nio.NioEventLoop.processSelectedKey(NioEventLoop.java:776) ~[flink-dist-2.2.1.jar:2.2.1]
	at org.apache.flink.shaded.netty4.io.netty.channel.nio.NioEventLoop.processSelectedKeysOptimized(NioEventLoop.java:724) ~[flink-dist-2.2.1.jar:2.2.1]
	at org.apache.flink.shaded.netty4.io.netty.channel.nio.NioEventLoop.processSelectedKeys(NioEventLoop.java:650) ~[flink-dist-2.2.1.jar:2.2.1]
	at org.apache.flink.shaded.netty4.io.netty.channel.nio.NioEventLoop.run(NioEventLoop.java:562) ~[flink-dist-2.2.1.jar:2.2.1]
	at org.apache.flink.shaded.netty4.io.netty.util.concurrent.SingleThreadEventExecutor$4.run(SingleThreadEventExecutor.java:997) ~[flink-dist-2.2.1.jar:2.2.1]
	at org.apache.flink.shaded.netty4.io.netty.util.internal.ThreadExecutorMap$2.run(ThreadExecutorMap.java:74) ~[flink-dist-2.2.1.jar:2.2.1]
	... 1 more
2026-07-17 23:49:37,828 ERROR org.apache.flink.table.gateway.rest.handler.statement.FetchResultsHandler [] - Unhandled exception.
org.apache.flink.table.gateway.api.utils.SqlGatewayException: org.apache.flink.table.gateway.api.utils.SqlGatewayException: Failed to fetchResults.
	at org.apache.flink.table.gateway.rest.handler.statement.FetchResultsHandler.handleRequest(FetchResultsHandler.java:91) ~[flink-sql-gateway-2.2.1.jar:2.2.1]
	at org.apache.flink.table.gateway.rest.handler.AbstractSqlGatewayRestHandler.respondToRequest(AbstractSqlGatewayRestHandler.java:84) ~[flink-sql-gateway-2.2.1.jar:2.2.1]
	at org.apache.flink.table.gateway.rest.handler.AbstractSqlGatewayRestHandler.respondToRequest(AbstractSqlGatewayRestHandler.java:52) ~[flink-sql-gateway-2.2.1.jar:2.2.1]
	at org.apache.flink.runtime.rest.handler.AbstractHandler.respondAsLeader(AbstractHandler.java:196) ~[flink-dist-2.2.1.jar:2.2.1]
	at org.apache.flink.runtime.rest.handler.LeaderRetrievalHandler.lambda$channelRead0$0(LeaderRetrievalHandler.java:87) ~[flink-dist-2.2.1.jar:2.2.1]
	at java.base/java.util.Optional.ifPresent(Unknown Source) ~[?:?]
	at org.apache.flink.util.OptionalConsumer.ifPresent(OptionalConsumer.java:45) ~[flink-dist-2.2.1.jar:2.2.1]
	at org.apache.flink.runtime.rest.handler.LeaderRetrievalHandler.channelRead0(LeaderRetrievalHandler.java:84) ~[flink-dist-2.2.1.jar:2.2.1]
	at org.apache.flink.runtime.rest.handler.LeaderRetrievalHandler.channelRead0(LeaderRetrievalHandler.java:49) ~[flink-dist-2.2.1.jar:2.2.1]
	at org.apache.flink.shaded.netty4.io.netty.channel.SimpleChannelInboundHandler.channelRead(SimpleChannelInboundHandler.java:99) ~[flink-dist-2.2.1.jar:2.2.1]
	at org.apache.flink.shaded.netty4.io.netty.channel.AbstractChannelHandlerContext.invokeChannelRead(AbstractChannelHandlerContext.java:444) ~[flink-dist-2.2.1.jar:2.2.1]
	at org.apache.flink.shaded.netty4.io.netty.channel.AbstractChannelHandlerContext.invokeChannelRead(AbstractChannelHandlerContext.java:420) ~[flink-dist-2.2.1.jar:2.2.1]
	at org.apache.flink.shaded.netty4.io.netty.channel.AbstractChannelHandlerContext.fireChannelRead(AbstractChannelHandlerContext.java:412) ~[flink-dist-2.2.1.jar:2.2.1]
	at org.apache.flink.runtime.rest.handler.router.RouterHandler.routed(RouterHandler.java:115) ~[flink-dist-2.2.1.jar:2.2.1]
	at org.apache.flink.runtime.rest.handler.router.RouterHandler.channelRead0(RouterHandler.java:94) ~[flink-dist-2.2.1.jar:2.2.1]
	at org.apache.flink.runtime.rest.handler.router.RouterHandler.channelRead0(RouterHandler.java:55) ~[flink-dist-2.2.1.jar:2.2.1]
	at org.apache.flink.shaded.netty4.io.netty.channel.SimpleChannelInboundHandler.channelRead(SimpleChannelInboundHandler.java:99) ~[flink-dist-2.2.1.jar:2.2.1]
	at org.apache.flink.shaded.netty4.io.netty.channel.AbstractChannelHandlerContext.invokeChannelRead(AbstractChannelHandlerContext.java:444) ~[flink-dist-2.2.1.jar:2.2.1]
	at org.apache.flink.shaded.netty4.io.netty.channel.AbstractChannelHandlerContext.invokeChannelRead(AbstractChannelHandlerContext.java:420) ~[flink-dist-2.2.1.jar:2.2.1]
	at org.apache.flink.shaded.netty4.io.netty.channel.AbstractChannelHandlerContext.fireChannelRead(AbstractChannelHandlerContext.java:412) ~[flink-dist-2.2.1.jar:2.2.1]
	at org.apache.flink.shaded.netty4.io.netty.handler.codec.MessageToMessageDecoder.channelRead(MessageToMessageDecoder.java:103) ~[flink-dist-2.2.1.jar:2.2.1]
	at org.apache.flink.shaded.netty4.io.netty.channel.AbstractChannelHandlerContext.invokeChannelRead(AbstractChannelHandlerContext.java:444) ~[flink-dist-2.2.1.jar:2.2.1]
	at org.apache.flink.shaded.netty4.io.netty.channel.AbstractChannelHandlerContext.invokeChannelRead(AbstractChannelHandlerContext.java:420) ~[flink-dist-2.2.1.jar:2.2.1]
	at org.apache.flink.shaded.netty4.io.netty.channel.AbstractChannelHandlerContext.fireChannelRead(AbstractChannelHandlerContext.java:412) ~[flink-dist-2.2.1.jar:2.2.1]
	at org.apache.flink.runtime.rest.FileUploadHandler.channelRead0(FileUploadHandler.java:233) ~[flink-dist-2.2.1.jar:2.2.1]
	at org.apache.flink.runtime.rest.FileUploadHandler.channelRead0(FileUploadHandler.java:70) ~[flink-dist-2.2.1.jar:2.2.1]
	at org.apache.flink.shaded.netty4.io.netty.channel.SimpleChannelInboundHandler.channelRead(SimpleChannelInboundHandler.java:99) ~[flink-dist-2.2.1.jar:2.2.1]
	at org.apache.flink.shaded.netty4.io.netty.channel.AbstractChannelHandlerContext.invokeChannelRead(AbstractChannelHandlerContext.java:444) ~[flink-dist-2.2.1.jar:2.2.1]
	at org.apache.flink.shaded.netty4.io.netty.channel.AbstractChannelHandlerContext.invokeChannelRead(AbstractChannelHandlerContext.java:420) ~[flink-dist-2.2.1.jar:2.2.1]
	at org.apache.flink.shaded.netty4.io.netty.channel.AbstractChannelHandlerContext.fireChannelRead(AbstractChannelHandlerContext.java:412) ~[flink-dist-2.2.1.jar:2.2.1]
	at org.apache.flink.shaded.netty4.io.netty.channel.CombinedChannelDuplexHandler$DelegatingChannelHandlerContext.fireChannelRead(CombinedChannelDuplexHandler.java:436) ~[flink-dist-2.2.1.jar:2.2.1]
	at org.apache.flink.shaded.netty4.io.netty.handler.codec.ByteToMessageDecoder.fireChannelRead(ByteToMessageDecoder.java:346) ~[flink-dist-2.2.1.jar:2.2.1]
	at org.apache.flink.shaded.netty4.io.netty.handler.codec.ByteToMessageDecoder.channelRead(ByteToMessageDecoder.java:318) ~[flink-dist-2.2.1.jar:2.2.1]
	at org.apache.flink.shaded.netty4.io.netty.channel.CombinedChannelDuplexHandler.channelRead(CombinedChannelDuplexHandler.java:251) ~[flink-dist-2.2.1.jar:2.2.1]
	at org.apache.flink.shaded.netty4.io.netty.channel.AbstractChannelHandlerContext.invokeChannelRead(AbstractChannelHandlerContext.java:442) ~[flink-dist-2.2.1.jar:2.2.1]
	at org.apache.flink.shaded.netty4.io.netty.channel.AbstractChannelHandlerContext.invokeChannelRead(AbstractChannelHandlerContext.java:420) ~[flink-dist-2.2.1.jar:2.2.1]
	at org.apache.flink.shaded.netty4.io.netty.channel.AbstractChannelHandlerContext.fireChannelRead(AbstractChannelHandlerContext.java:412) ~[flink-dist-2.2.1.jar:2.2.1]
	at org.apache.flink.shaded.netty4.io.netty.channel.DefaultChannelPipeline$HeadContext.channelRead(DefaultChannelPipeline.java:1410) ~[flink-dist-2.2.1.jar:2.2.1]
	at org.apache.flink.shaded.netty4.io.netty.channel.AbstractChannelHandlerContext.invokeChannelRead(AbstractChannelHandlerContext.java:440) ~[flink-dist-2.2.1.jar:2.2.1]
	at org.apache.flink.shaded.netty4.io.netty.channel.AbstractChannelHandlerContext.invokeChannelRead(AbstractChannelHandlerContext.java:420) ~[flink-dist-2.2.1.jar:2.2.1]
	at org.apache.flink.shaded.netty4.io.netty.channel.DefaultChannelPipeline.fireChannelRead(DefaultChannelPipeline.java:919) ~[flink-dist-2.2.1.jar:2.2.1]
	at org.apache.flink.shaded.netty4.io.netty.channel.nio.AbstractNioByteChannel$NioByteUnsafe.read(AbstractNioByteChannel.java:166) ~[flink-dist-2.2.1.jar:2.2.1]
	at org.apache.flink.shaded.netty4.io.netty.channel.nio.NioEventLoop.processSelectedKey(NioEventLoop.java:788) ~[flink-dist-2.2.1.jar:2.2.1]
	at org.apache.flink.shaded.netty4.io.netty.channel.nio.NioEventLoop.processSelectedKeysOptimized(NioEventLoop.java:724) ~[flink-dist-2.2.1.jar:2.2.1]
	at org.apache.flink.shaded.netty4.io.netty.channel.nio.NioEventLoop.processSelectedKeys(NioEventLoop.java:650) ~[flink-dist-2.2.1.jar:2.2.1]
	at org.apache.flink.shaded.netty4.io.netty.channel.nio.NioEventLoop.run(NioEventLoop.java:562) ~[flink-dist-2.2.1.jar:2.2.1]
	at org.apache.flink.shaded.netty4.io.netty.util.concurrent.SingleThreadEventExecutor$4.run(SingleThreadEventExecutor.java:997) ~[flink-dist-2.2.1.jar:2.2.1]
	at org.apache.flink.shaded.netty4.io.netty.util.internal.ThreadExecutorMap$2.run(ThreadExecutorMap.java:74) ~[flink-dist-2.2.1.jar:2.2.1]
	at java.base/java.lang.Thread.run(Unknown Source) [?:?]
Caused by: org.apache.flink.table.gateway.api.utils.SqlGatewayException: Failed to fetchResults.
	at org.apache.flink.table.gateway.service.SqlGatewayServiceImpl.fetchResults(SqlGatewayServiceImpl.java:238) ~[flink-sql-gateway-2.2.1.jar:2.2.1]
	at org.apache.flink.table.gateway.rest.handler.statement.FetchResultsHandler.handleRequest(FetchResultsHandler.java:89) ~[flink-sql-gateway-2.2.1.jar:2.2.1]
	... 48 more
Caused by: org.apache.flink.table.gateway.service.utils.SqlExecutionException: Failed to execute the operation 28755d75-69e2-4d75-87ad-0a988bce9ee4.
	at org.apache.flink.table.gateway.service.operation.OperationManager$Operation.processThrowable(OperationManager.java:415) ~[flink-sql-gateway-2.2.1.jar:2.2.1]
	at org.apache.flink.table.gateway.service.operation.OperationManager$Operation.lambda$run$0(OperationManager.java:268) ~[flink-sql-gateway-2.2.1.jar:2.2.1]
	at java.base/java.util.concurrent.Executors$RunnableAdapter.call(Unknown Source) ~[?:?]
	at java.base/java.util.concurrent.FutureTask.run(Unknown Source) ~[?:?]
	at java.base/java.util.concurrent.Executors$RunnableAdapter.call(Unknown Source) ~[?:?]
	at java.base/java.util.concurrent.FutureTask.run(Unknown Source) ~[?:?]
	at java.base/java.util.concurrent.ThreadPoolExecutor.runWorker(Unknown Source) ~[?:?]
	at java.base/java.util.concurrent.ThreadPoolExecutor$Worker.run(Unknown Source) ~[?:?]
	... 1 more
Caused by: org.apache.flink.table.api.TableException: Failed to execute sql
	at org.apache.flink.table.api.internal.TableEnvironmentImpl.executeInternal(TableEnvironmentImpl.java:1266) ~[flink-table-api-java-uber-2.2.1.jar:2.2.1]
	at org.apache.flink.table.api.internal.TableEnvironmentImpl.executeInternal(TableEnvironmentImpl.java:1085) ~[flink-table-api-java-uber-2.2.1.jar:2.2.1]
	at org.apache.flink.table.gateway.service.operation.OperationExecutor.callModifyOperations(OperationExecutor.java:683) ~[flink-sql-gateway-2.2.1.jar:2.2.1]
	at org.apache.flink.table.gateway.service.operation.OperationExecutor.executeOperation(OperationExecutor.java:522) ~[flink-sql-gateway-2.2.1.jar:2.2.1]
	at org.apache.flink.table.gateway.service.operation.OperationExecutor.executeStatement(OperationExecutor.java:276) ~[flink-sql-gateway-2.2.1.jar:2.2.1]
	at org.apache.flink.table.gateway.service.operation.OperationExecutor.executeStatement(OperationExecutor.java:231) ~[flink-sql-gateway-2.2.1.jar:2.2.1]
	at org.apache.flink.table.gateway.service.SqlGatewayServiceImpl.lambda$executeStatement$1(SqlGatewayServiceImpl.java:221) ~[flink-sql-gateway-2.2.1.jar:2.2.1]
	at org.apache.flink.table.gateway.service.operation.OperationManager.lambda$submitOperation$1(OperationManager.java:120) ~[flink-sql-gateway-2.2.1.jar:2.2.1]
	at org.apache.flink.table.gateway.service.operation.OperationManager$Operation.lambda$run$0(OperationManager.java:259) ~[flink-sql-gateway-2.2.1.jar:2.2.1]
	at java.base/java.util.concurrent.Executors$RunnableAdapter.call(Unknown Source) ~[?:?]
	at java.base/java.util.concurrent.FutureTask.run(Unknown Source) ~[?:?]
	at java.base/java.util.concurrent.Executors$RunnableAdapter.call(Unknown Source) ~[?:?]
	at java.base/java.util.concurrent.FutureTask.run(Unknown Source) ~[?:?]
	at java.base/java.util.concurrent.ThreadPoolExecutor.runWorker(Unknown Source) ~[?:?]
	at java.base/java.util.concurrent.ThreadPoolExecutor$Worker.run(Unknown Source) ~[?:?]
	... 1 more
Caused by: org.apache.flink.util.FlinkException: Failed to execute job 'insert-into_paimon_catalog.default.processed_transactions'.
	at org.apache.flink.streaming.api.environment.StreamExecutionEnvironment.executeAsync(StreamExecutionEnvironment.java:2008) ~[flink-dist-2.2.1.jar:2.2.1]
	at org.apache.flink.table.planner.delegation.DefaultExecutor.executeAsync(DefaultExecutor.java:110) ~[?:?]
	at org.apache.flink.table.api.internal.TableEnvironmentImpl.executeInternal(TableEnvironmentImpl.java:1238) ~[flink-table-api-java-uber-2.2.1.jar:2.2.1]
	at org.apache.flink.table.api.internal.TableEnvironmentImpl.executeInternal(TableEnvironmentImpl.java:1085) ~[flink-table-api-java-uber-2.2.1.jar:2.2.1]
	at org.apache.flink.table.gateway.service.operation.OperationExecutor.callModifyOperations(OperationExecutor.java:683) ~[flink-sql-gateway-2.2.1.jar:2.2.1]
	at org.apache.flink.table.gateway.service.operation.OperationExecutor.executeOperation(OperationExecutor.java:522) ~[flink-sql-gateway-2.2.1.jar:2.2.1]
	at org.apache.flink.table.gateway.service.operation.OperationExecutor.executeStatement(OperationExecutor.java:276) ~[flink-sql-gateway-2.2.1.jar:2.2.1]
	at org.apache.flink.table.gateway.service.operation.OperationExecutor.executeStatement(OperationExecutor.java:231) ~[flink-sql-gateway-2.2.1.jar:2.2.1]
	at org.apache.flink.table.gateway.service.SqlGatewayServiceImpl.lambda$executeStatement$1(SqlGatewayServiceImpl.java:221) ~[flink-sql-gateway-2.2.1.jar:2.2.1]
	at org.apache.flink.table.gateway.service.operation.OperationManager.lambda$submitOperation$1(OperationManager.java:120) ~[flink-sql-gateway-2.2.1.jar:2.2.1]
	at org.apache.flink.table.gateway.service.operation.OperationManager$Operation.lambda$run$0(OperationManager.java:259) ~[flink-sql-gateway-2.2.1.jar:2.2.1]
	at java.base/java.util.concurrent.Executors$RunnableAdapter.call(Unknown Source) ~[?:?]
	at java.base/java.util.concurrent.FutureTask.run(Unknown Source) ~[?:?]
	at java.base/java.util.concurrent.Executors$RunnableAdapter.call(Unknown Source) ~[?:?]
	at java.base/java.util.concurrent.FutureTask.run(Unknown Source) ~[?:?]
	at java.base/java.util.concurrent.ThreadPoolExecutor.runWorker(Unknown Source) ~[?:?]
	at java.base/java.util.concurrent.ThreadPoolExecutor$Worker.run(Unknown Source) ~[?:?]
	... 1 more
Caused by: org.apache.flink.runtime.client.JobSubmissionException: Failed to submit ExecutionPlan.
	at org.apache.flink.client.program.rest.RestClusterClient.lambda$submitJob$12(RestClusterClient.java:502) ~[flink-dist-2.2.1.jar:2.2.1]
	at java.base/java.util.concurrent.CompletableFuture.uniExceptionally(Unknown Source) ~[?:?]
	at java.base/java.util.concurrent.CompletableFuture$UniExceptionally.tryFire(Unknown Source) ~[?:?]
	at java.base/java.util.concurrent.CompletableFuture.postComplete(Unknown Source) ~[?:?]
	at java.base/java.util.concurrent.CompletableFuture.completeExceptionally(Unknown Source) ~[?:?]
	at org.apache.flink.util.concurrent.FutureUtils.lambda$retryOperationWithDelay$6(FutureUtils.java:298) ~[flink-dist-2.2.1.jar:2.2.1]
	at java.base/java.util.concurrent.CompletableFuture.uniWhenComplete(Unknown Source) ~[?:?]
	at java.base/java.util.concurrent.CompletableFuture$UniWhenComplete.tryFire(Unknown Source) ~[?:?]
	at java.base/java.util.concurrent.CompletableFuture.postComplete(Unknown Source) ~[?:?]
	at java.base/java.util.concurrent.CompletableFuture.completeExceptionally(Unknown Source) ~[?:?]
	at org.apache.flink.runtime.rest.RestClient.lambda$submitRequest$4(RestClient.java:617) ~[flink-dist-2.2.1.jar:2.2.1]
	at org.apache.flink.shaded.netty4.io.netty.util.concurrent.DefaultPromise.notifyListener0(DefaultPromise.java:590) ~[flink-dist-2.2.1.jar:2.2.1]
	at org.apache.flink.shaded.netty4.io.netty.util.concurrent.DefaultPromise.notifyListeners0(DefaultPromise.java:583) ~[flink-dist-2.2.1.jar:2.2.1]
	at org.apache.flink.shaded.netty4.io.netty.util.concurrent.DefaultPromise.notifyListenersNow(DefaultPromise.java:559) ~[flink-dist-2.2.1.jar:2.2.1]
	at org.apache.flink.shaded.netty4.io.netty.util.concurrent.DefaultPromise.notifyListeners(DefaultPromise.java:492) ~[flink-dist-2.2.1.jar:2.2.1]
	at org.apache.flink.shaded.netty4.io.netty.util.concurrent.DefaultPromise.setValue0(DefaultPromise.java:636) ~[flink-dist-2.2.1.jar:2.2.1]
	at org.apache.flink.shaded.netty4.io.netty.util.concurrent.DefaultPromise.setFailure0(DefaultPromise.java:629) ~[flink-dist-2.2.1.jar:2.2.1]
	at org.apache.flink.shaded.netty4.io.netty.util.concurrent.DefaultPromise.tryFailure(DefaultPromise.java:118) ~[flink-dist-2.2.1.jar:2.2.1]
	at org.apache.flink.shaded.netty4.io.netty.channel.nio.AbstractNioChannel$AbstractNioUnsafe.fulfillConnectPromise(AbstractNioChannel.java:321) ~[flink-dist-2.2.1.jar:2.2.1]
	at org.apache.flink.shaded.netty4.io.netty.channel.nio.AbstractNioChannel$AbstractNioUnsafe.finishConnect(AbstractNioChannel.java:337) ~[flink-dist-2.2.1.jar:2.2.1]
	at org.apache.flink.shaded.netty4.io.netty.channel.nio.NioEventLoop.processSelectedKey(NioEventLoop.java:776) ~[flink-dist-2.2.1.jar:2.2.1]
	... 6 more
Caused by: org.apache.flink.util.concurrent.FutureUtils$RetryException: Could not complete the operation. Number of retries has been exhausted.
	at org.apache.flink.util.concurrent.FutureUtils.lambda$retryOperationWithDelay$6(FutureUtils.java:294) ~[flink-dist-2.2.1.jar:2.2.1]
	at java.base/java.util.concurrent.CompletableFuture.uniWhenComplete(Unknown Source) ~[?:?]
	at java.base/java.util.concurrent.CompletableFuture$UniWhenComplete.tryFire(Unknown Source) ~[?:?]
	at java.base/java.util.concurrent.CompletableFuture.postComplete(Unknown Source) ~[?:?]
	at java.base/java.util.concurrent.CompletableFuture.completeExceptionally(Unknown Source) ~[?:?]
	at org.apache.flink.runtime.rest.RestClient.lambda$submitRequest$4(RestClient.java:617) ~[flink-dist-2.2.1.jar:2.2.1]
	at org.apache.flink.shaded.netty4.io.netty.util.concurrent.DefaultPromise.notifyListener0(DefaultPromise.java:590) ~[flink-dist-2.2.1.jar:2.2.1]
	at org.apache.flink.shaded.netty4.io.netty.util.concurrent.DefaultPromise.notifyListeners0(DefaultPromise.java:583) ~[flink-dist-2.2.1.jar:2.2.1]
	at org.apache.flink.shaded.netty4.io.netty.util.concurrent.DefaultPromise.notifyListenersNow(DefaultPromise.java:559) ~[flink-dist-2.2.1.jar:2.2.1]
	at org.apache.flink.shaded.netty4.io.netty.util.concurrent.DefaultPromise.notifyListeners(DefaultPromise.java:492) ~[flink-dist-2.2.1.jar:2.2.1]
	at org.apache.flink.shaded.netty4.io.netty.util.concurrent.DefaultPromise.setValue0(DefaultPromise.java:636) ~[flink-dist-2.2.1.jar:2.2.1]
	at org.apache.flink.shaded.netty4.io.netty.util.concurrent.DefaultPromise.setFailure0(DefaultPromise.java:629) ~[flink-dist-2.2.1.jar:2.2.1]
	at org.apache.flink.shaded.netty4.io.netty.util.concurrent.DefaultPromise.tryFailure(DefaultPromise.java:118) ~[flink-dist-2.2.1.jar:2.2.1]
	at org.apache.flink.shaded.netty4.io.netty.channel.nio.AbstractNioChannel$AbstractNioUnsafe.fulfillConnectPromise(AbstractNioChannel.java:321) ~[flink-dist-2.2.1.jar:2.2.1]
	at org.apache.flink.shaded.netty4.io.netty.channel.nio.AbstractNioChannel$AbstractNioUnsafe.finishConnect(AbstractNioChannel.java:337) ~[flink-dist-2.2.1.jar:2.2.1]
	at org.apache.flink.shaded.netty4.io.netty.channel.nio.NioEventLoop.processSelectedKey(NioEventLoop.java:776) ~[flink-dist-2.2.1.jar:2.2.1]
	... 6 more
Caused by: java.util.concurrent.CompletionException: org.apache.flink.shaded.netty4.io.netty.channel.AbstractChannel$AnnotatedConnectException: Connection refused: /0.0.0.0:8081
	at java.base/java.util.concurrent.CompletableFuture.encodeThrowable(Unknown Source) ~[?:?]
	at java.base/java.util.concurrent.CompletableFuture.completeThrowable(Unknown Source) ~[?:?]
	at java.base/java.util.concurrent.CompletableFuture$UniCompose.tryFire(Unknown Source) ~[?:?]
	at java.base/java.util.concurrent.CompletableFuture.postComplete(Unknown Source) ~[?:?]
	at java.base/java.util.concurrent.CompletableFuture.completeExceptionally(Unknown Source) ~[?:?]
	at org.apache.flink.runtime.rest.RestClient.lambda$submitRequest$4(RestClient.java:617) ~[flink-dist-2.2.1.jar:2.2.1]
	at org.apache.flink.shaded.netty4.io.netty.util.concurrent.DefaultPromise.notifyListener0(DefaultPromise.java:590) ~[flink-dist-2.2.1.jar:2.2.1]
	at org.apache.flink.shaded.netty4.io.netty.util.concurrent.DefaultPromise.notifyListeners0(DefaultPromise.java:583) ~[flink-dist-2.2.1.jar:2.2.1]
	at org.apache.flink.shaded.netty4.io.netty.util.concurrent.DefaultPromise.notifyListenersNow(DefaultPromise.java:559) ~[flink-dist-2.2.1.jar:2.2.1]
	at org.apache.flink.shaded.netty4.io.netty.util.concurrent.DefaultPromise.notifyListeners(DefaultPromise.java:492) ~[flink-dist-2.2.1.jar:2.2.1]
	at org.apache.flink.shaded.netty4.io.netty.util.concurrent.DefaultPromise.setValue0(DefaultPromise.java:636) ~[flink-dist-2.2.1.jar:2.2.1]
	at org.apache.flink.shaded.netty4.io.netty.util.concurrent.DefaultPromise.setFailure0(DefaultPromise.java:629) ~[flink-dist-2.2.1.jar:2.2.1]
	at org.apache.flink.shaded.netty4.io.netty.util.concurrent.DefaultPromise.tryFailure(DefaultPromise.java:118) ~[flink-dist-2.2.1.jar:2.2.1]
	at org.apache.flink.shaded.netty4.io.netty.channel.nio.AbstractNioChannel$AbstractNioUnsafe.fulfillConnectPromise(AbstractNioChannel.java:321) ~[flink-dist-2.2.1.jar:2.2.1]
	at org.apache.flink.shaded.netty4.io.netty.channel.nio.AbstractNioChannel$AbstractNioUnsafe.finishConnect(AbstractNioChannel.java:337) ~[flink-dist-2.2.1.jar:2.2.1]
	at org.apache.flink.shaded.netty4.io.netty.channel.nio.NioEventLoop.processSelectedKey(NioEventLoop.java:776) ~[flink-dist-2.2.1.jar:2.2.1]
	... 6 more
Caused by: org.apache.flink.shaded.netty4.io.netty.channel.AbstractChannel$AnnotatedConnectException: Connection refused: /0.0.0.0:8081
Caused by: java.net.ConnectException: Connection refused
	at java.base/sun.nio.ch.Net.pollConnect(Native Method) ~[?:?]
	at java.base/sun.nio.ch.Net.pollConnectNow(Unknown Source) ~[?:?]
	at java.base/sun.nio.ch.SocketChannelImpl.finishConnect(Unknown Source) ~[?:?]
	at org.apache.flink.shaded.netty4.io.netty.channel.socket.nio.NioSocketChannel.doFinishConnect(NioSocketChannel.java:337) ~[flink-dist-2.2.1.jar:2.2.1]
	at org.apache.flink.shaded.netty4.io.netty.channel.nio.AbstractNioChannel$AbstractNioUnsafe.finishConnect(AbstractNioChannel.java:334) ~[flink-dist-2.2.1.jar:2.2.1]
	at org.apache.flink.shaded.netty4.io.netty.channel.nio.NioEventLoop.processSelectedKey(NioEventLoop.java:776) ~[flink-dist-2.2.1.jar:2.2.1]
	... 6 more
2026-07-17 23:49:37,839 WARN  org.apache.flink.table.client.cli.CliClient                  [] - Could not execute SQL statement.
org.apache.flink.table.client.gateway.SqlExecutionException: Failed to get response for the operation 28755d75-69e2-4d75-87ad-0a988bce9ee4.
	at org.apache.flink.table.client.gateway.ExecutorImpl.getFetchResultResponse(ExecutorImpl.java:505) ~[flink-sql-client-2.2.1.jar:2.2.1]
	at org.apache.flink.table.client.gateway.ExecutorImpl.fetchUtilResultsReady(ExecutorImpl.java:465) ~[flink-sql-client-2.2.1.jar:2.2.1]
	at org.apache.flink.table.client.gateway.ExecutorImpl.executeStatement(ExecutorImpl.java:313) ~[flink-sql-client-2.2.1.jar:2.2.1]
	at org.apache.flink.table.client.cli.parser.SqlMultiLineParser.parse(SqlMultiLineParser.java:118) ~[flink-sql-client-2.2.1.jar:2.2.1]
	at org.jline.reader.impl.LineReaderImpl.acceptLine(LineReaderImpl.java:2964) ~[flink-sql-client-2.2.1.jar:2.2.1]
	at org.jline.reader.impl.LineReaderImpl$1.apply(LineReaderImpl.java:3778) ~[flink-sql-client-2.2.1.jar:2.2.1]
	at org.jline.reader.impl.LineReaderImpl.readLine(LineReaderImpl.java:679) ~[flink-sql-client-2.2.1.jar:2.2.1]
	at org.apache.flink.table.client.cli.CliClient.getAndExecuteStatements(CliClient.java:222) [flink-sql-client-2.2.1.jar:2.2.1]
	at org.apache.flink.table.client.cli.CliClient.executeFile(CliClient.java:271) [flink-sql-client-2.2.1.jar:2.2.1]
	at org.apache.flink.table.client.cli.CliClient.executeInNonInteractiveMode(CliClient.java:156) [flink-sql-client-2.2.1.jar:2.2.1]
	at org.apache.flink.table.client.SqlClient.openCli(SqlClient.java:161) [flink-sql-client-2.2.1.jar:2.2.1]
	at org.apache.flink.table.client.SqlClient.start(SqlClient.java:114) [flink-sql-client-2.2.1.jar:2.2.1]
	at org.apache.flink.table.client.SqlClient.startClient(SqlClient.java:218) [flink-sql-client-2.2.1.jar:2.2.1]
	at org.apache.flink.table.client.SqlClient.main(SqlClient.java:169) [flink-sql-client-2.2.1.jar:2.2.1]
Caused by: org.apache.flink.runtime.rest.util.RestClientException: [Internal server error., <Exception on server side:
org.apache.flink.table.gateway.api.utils.SqlGatewayException: org.apache.flink.table.gateway.api.utils.SqlGatewayException: Failed to fetchResults.
	at org.apache.flink.table.gateway.rest.handler.statement.FetchResultsHandler.handleRequest(FetchResultsHandler.java:91)
	at org.apache.flink.table.gateway.rest.handler.AbstractSqlGatewayRestHandler.respondToRequest(AbstractSqlGatewayRestHandler.java:84)
	at org.apache.flink.table.gateway.rest.handler.AbstractSqlGatewayRestHandler.respondToRequest(AbstractSqlGatewayRestHandler.java:52)
	at org.apache.flink.runtime.rest.handler.AbstractHandler.respondAsLeader(AbstractHandler.java:196)
	at org.apache.flink.runtime.rest.handler.LeaderRetrievalHandler.lambda$channelRead0$0(LeaderRetrievalHandler.java:87)
	at java.base/java.util.Optional.ifPresent(Unknown Source)
	at org.apache.flink.util.OptionalConsumer.ifPresent(OptionalConsumer.java:45)
	at org.apache.flink.runtime.rest.handler.LeaderRetrievalHandler.channelRead0(LeaderRetrievalHandler.java:84)
	at org.apache.flink.runtime.rest.handler.LeaderRetrievalHandler.channelRead0(LeaderRetrievalHandler.java:49)
	at org.apache.flink.shaded.netty4.io.netty.channel.SimpleChannelInboundHandler.channelRead(SimpleChannelInboundHandler.java:99)
	at org.apache.flink.shaded.netty4.io.netty.channel.AbstractChannelHandlerContext.invokeChannelRead(AbstractChannelHandlerContext.java:444)
	at org.apache.flink.shaded.netty4.io.netty.channel.AbstractChannelHandlerContext.invokeChannelRead(AbstractChannelHandlerContext.java:420)
	at org.apache.flink.shaded.netty4.io.netty.channel.AbstractChannelHandlerContext.fireChannelRead(AbstractChannelHandlerContext.java:412)
	at org.apache.flink.runtime.rest.handler.router.RouterHandler.routed(RouterHandler.java:115)
	at org.apache.flink.runtime.rest.handler.router.RouterHandler.channelRead0(RouterHandler.java:94)
	at org.apache.flink.runtime.rest.handler.router.RouterHandler.channelRead0(RouterHandler.java:55)
	at org.apache.flink.shaded.netty4.io.netty.channel.SimpleChannelInboundHandler.channelRead(SimpleChannelInboundHandler.java:99)
	at org.apache.flink.shaded.netty4.io.netty.channel.AbstractChannelHandlerContext.invokeChannelRead(AbstractChannelHandlerContext.java:444)
	at org.apache.flink.shaded.netty4.io.netty.channel.AbstractChannelHandlerContext.invokeChannelRead(AbstractChannelHandlerContext.java:420)
	at org.apache.flink.shaded.netty4.io.netty.channel.AbstractChannelHandlerContext.fireChannelRead(AbstractChannelHandlerContext.java:412)
	at org.apache.flink.shaded.netty4.io.netty.handler.codec.MessageToMessageDecoder.channelRead(MessageToMessageDecoder.java:103)
	at org.apache.flink.shaded.netty4.io.netty.channel.AbstractChannelHandlerContext.invokeChannelRead(AbstractChannelHandlerContext.java:444)
	at org.apache.flink.shaded.netty4.io.netty.channel.AbstractChannelHandlerContext.invokeChannelRead(AbstractChannelHandlerContext.java:420)
	at org.apache.flink.shaded.netty4.io.netty.channel.AbstractChannelHandlerContext.fireChannelRead(AbstractChannelHandlerContext.java:412)
	at org.apache.flink.runtime.rest.FileUploadHandler.channelRead0(FileUploadHandler.java:233)
	at org.apache.flink.runtime.rest.FileUploadHandler.channelRead0(FileUploadHandler.java:70)
	at org.apache.flink.shaded.netty4.io.netty.channel.SimpleChannelInboundHandler.channelRead(SimpleChannelInboundHandler.java:99)
	at org.apache.flink.shaded.netty4.io.netty.channel.AbstractChannelHandlerContext.invokeChannelRead(AbstractChannelHandlerContext.java:444)
	at org.apache.flink.shaded.netty4.io.netty.channel.AbstractChannelHandlerContext.invokeChannelRead(AbstractChannelHandlerContext.java:420)
	at org.apache.flink.shaded.netty4.io.netty.channel.AbstractChannelHandlerContext.fireChannelRead(AbstractChannelHandlerContext.java:412)
	at org.apache.flink.shaded.netty4.io.netty.channel.CombinedChannelDuplexHandler$DelegatingChannelHandlerContext.fireChannelRead(CombinedChannelDuplexHandler.java:436)
	at org.apache.flink.shaded.netty4.io.netty.handler.codec.ByteToMessageDecoder.fireChannelRead(ByteToMessageDecoder.java:346)
	at org.apache.flink.shaded.netty4.io.netty.handler.codec.ByteToMessageDecoder.channelRead(ByteToMessageDecoder.java:318)
	at org.apache.flink.shaded.netty4.io.netty.channel.CombinedChannelDuplexHandler.channelRead(CombinedChannelDuplexHandler.java:251)
	at org.apache.flink.shaded.netty4.io.netty.channel.AbstractChannelHandlerContext.invokeChannelRead(AbstractChannelHandlerContext.java:442)
	at org.apache.flink.shaded.netty4.io.netty.channel.AbstractChannelHandlerContext.invokeChannelRead(AbstractChannelHandlerContext.java:420)
	at org.apache.flink.shaded.netty4.io.netty.channel.AbstractChannelHandlerContext.fireChannelRead(AbstractChannelHandlerContext.java:412)
	at org.apache.flink.shaded.netty4.io.netty.channel.DefaultChannelPipeline$HeadContext.channelRead(DefaultChannelPipeline.java:1410)
	at org.apache.flink.shaded.netty4.io.netty.channel.AbstractChannelHandlerContext.invokeChannelRead(AbstractChannelHandlerContext.java:440)
	at org.apache.flink.shaded.netty4.io.netty.channel.AbstractChannelHandlerContext.invokeChannelRead(AbstractChannelHandlerContext.java:420)
	at org.apache.flink.shaded.netty4.io.netty.channel.DefaultChannelPipeline.fireChannelRead(DefaultChannelPipeline.java:919)
	at org.apache.flink.shaded.netty4.io.netty.channel.nio.AbstractNioByteChannel$NioByteUnsafe.read(AbstractNioByteChannel.java:166)
	at org.apache.flink.shaded.netty4.io.netty.channel.nio.NioEventLoop.processSelectedKey(NioEventLoop.java:788)
	at org.apache.flink.shaded.netty4.io.netty.channel.nio.NioEventLoop.processSelectedKeysOptimized(NioEventLoop.java:724)
	at org.apache.flink.shaded.netty4.io.netty.channel.nio.NioEventLoop.processSelectedKeys(NioEventLoop.java:650)
	at org.apache.flink.shaded.netty4.io.netty.channel.nio.NioEventLoop.run(NioEventLoop.java:562)
	at org.apache.flink.shaded.netty4.io.netty.util.concurrent.SingleThreadEventExecutor$4.run(SingleThreadEventExecutor.java:997)
	at org.apache.flink.shaded.netty4.io.netty.util.internal.ThreadExecutorMap$2.run(ThreadExecutorMap.java:74)
	at java.base/java.lang.Thread.run(Unknown Source)
Caused by: org.apache.flink.table.gateway.api.utils.SqlGatewayException: Failed to fetchResults.
	at org.apache.flink.table.gateway.service.SqlGatewayServiceImpl.fetchResults(SqlGatewayServiceImpl.java:238)
	at org.apache.flink.table.gateway.rest.handler.statement.FetchResultsHandler.handleRequest(FetchResultsHandler.java:89)
	... 48 more
Caused by: org.apache.flink.table.gateway.service.utils.SqlExecutionException: Failed to execute the operation 28755d75-69e2-4d75-87ad-0a988bce9ee4.
	at org.apache.flink.table.gateway.service.operation.OperationManager$Operation.processThrowable(OperationManager.java:415)
	at org.apache.flink.table.gateway.service.operation.OperationManager$Operation.lambda$run$0(OperationManager.java:268)
	at java.base/java.util.concurrent.Executors$RunnableAdapter.call(Unknown Source)
	at java.base/java.util.concurrent.FutureTask.run(Unknown Source)
	at java.base/java.util.concurrent.Executors$RunnableAdapter.call(Unknown Source)
	at java.base/java.util.concurrent.FutureTask.run(Unknown Source)
	at java.base/java.util.concurrent.ThreadPoolExecutor.runWorker(Unknown Source)
	at java.base/java.util.concurrent.ThreadPoolExecutor$Worker.run(Unknown Source)
	... 1 more
Caused by: org.apache.flink.table.api.TableException: Failed to execute sql
	at org.apache.flink.table.api.internal.TableEnvironmentImpl.executeInternal(TableEnvironmentImpl.java:1266)
	at org.apache.flink.table.api.internal.TableEnvironmentImpl.executeInternal(TableEnvironmentImpl.java:1085)
	at org.apache.flink.table.gateway.service.operation.OperationExecutor.callModifyOperations(OperationExecutor.java:683)
	at org.apache.flink.table.gateway.service.operation.OperationExecutor.executeOperation(OperationExecutor.java:522)
	at org.apache.flink.table.gateway.service.operation.OperationExecutor.executeStatement(OperationExecutor.java:276)
	at org.apache.flink.table.gateway.service.operation.OperationExecutor.executeStatement(OperationExecutor.java:231)
	at org.apache.flink.table.gateway.service.SqlGatewayServiceImpl.lambda$executeStatement$1(SqlGatewayServiceImpl.java:221)
	at org.apache.flink.table.gateway.service.operation.OperationManager.lambda$submitOperation$1(OperationManager.java:120)
	at org.apache.flink.table.gateway.service.operation.OperationManager$Operation.lambda$run$0(OperationManager.java:259)
	... 7 more
Caused by: org.apache.flink.util.FlinkException: Failed to execute job 'insert-into_paimon_catalog.default.processed_transactions'.
	at org.apache.flink.streaming.api.environment.StreamExecutionEnvironment.executeAsync(StreamExecutionEnvironment.java:2008)
	at org.apache.flink.table.planner.delegation.DefaultExecutor.executeAsync(DefaultExecutor.java:110)
	at org.apache.flink.table.api.internal.TableEnvironmentImpl.executeInternal(TableEnvironmentImpl.java:1238)
	... 15 more
Caused by: org.apache.flink.runtime.client.JobSubmissionException: Failed to submit ExecutionPlan.
	at org.apache.flink.client.program.rest.RestClusterClient.lambda$submitJob$12(RestClusterClient.java:502)
	at java.base/java.util.concurrent.CompletableFuture.uniExceptionally(Unknown Source)
	at java.base/java.util.concurrent.CompletableFuture$UniExceptionally.tryFire(Unknown Source)
	at java.base/java.util.concurrent.CompletableFuture.postComplete(Unknown Source)
	at java.base/java.util.concurrent.CompletableFuture.completeExceptionally(Unknown Source)
	at org.apache.flink.util.concurrent.FutureUtils.lambda$retryOperationWithDelay$6(FutureUtils.java:298)
	at java.base/java.util.concurrent.CompletableFuture.uniWhenComplete(Unknown Source)
	at java.base/java.util.concurrent.CompletableFuture$UniWhenComplete.tryFire(Unknown Source)
	at java.base/java.util.concurrent.CompletableFuture.postComplete(Unknown Source)
	at java.base/java.util.concurrent.CompletableFuture.completeExceptionally(Unknown Source)
	at org.apache.flink.runtime.rest.RestClient.lambda$submitRequest$4(RestClient.java:617)
	at org.apache.flink.shaded.netty4.io.netty.util.concurrent.DefaultPromise.notifyListener0(DefaultPromise.java:590)
	at org.apache.flink.shaded.netty4.io.netty.util.concurrent.DefaultPromise.notifyListeners0(DefaultPromise.java:583)
	at org.apache.flink.shaded.netty4.io.netty.util.concurrent.DefaultPromise.notifyListenersNow(DefaultPromise.java:559)
	at org.apache.flink.shaded.netty4.io.netty.util.concurrent.DefaultPromise.notifyListeners(DefaultPromise.java:492)
	at org.apache.flink.shaded.netty4.io.netty.util.concurrent.DefaultPromise.setValue0(DefaultPromise.java:636)
	at org.apache.flink.shaded.netty4.io.netty.util.concurrent.DefaultPromise.setFailure0(DefaultPromise.java:629)
	at org.apache.flink.shaded.netty4.io.netty.util.concurrent.DefaultPromise.tryFailure(DefaultPromise.java:118)
	at org.apache.flink.shaded.netty4.io.netty.channel.nio.AbstractNioChannel$AbstractNioUnsafe.fulfillConnectPromise(AbstractNioChannel.java:321)
	at org.apache.flink.shaded.netty4.io.netty.channel.nio.AbstractNioChannel$AbstractNioUnsafe.finishConnect(AbstractNioChannel.java:337)
	at org.apache.flink.shaded.netty4.io.netty.channel.nio.NioEventLoop.processSelectedKey(NioEventLoop.java:776)
	at org.apache.flink.shaded.netty4.io.netty.channel.nio.NioEventLoop.processSelectedKeysOptimized(NioEventLoop.java:724)
	at org.apache.flink.shaded.netty4.io.netty.channel.nio.NioEventLoop.processSelectedKeys(NioEventLoop.java:650)
	at org.apache.flink.shaded.netty4.io.netty.channel.nio.NioEventLoop.run(NioEventLoop.java:562)
	at org.apache.flink.shaded.netty4.io.netty.util.concurrent.SingleThreadEventExecutor$4.run(SingleThreadEventExecutor.java:997)
	at org.apache.flink.shaded.netty4.io.netty.util.internal.ThreadExecutorMap$2.run(ThreadExecutorMap.java:74)
	... 1 more
Caused by: org.apache.flink.util.concurrent.FutureUtils$RetryException: Could not complete the operation. Number of retries has been exhausted.
	at org.apache.flink.util.concurrent.FutureUtils.lambda$retryOperationWithDelay$6(FutureUtils.java:294)
	... 21 more
Caused by: java.util.concurrent.CompletionException: org.apache.flink.shaded.netty4.io.netty.channel.AbstractChannel$AnnotatedConnectException: Connection refused: /0.0.0.0:8081
	at java.base/java.util.concurrent.CompletableFuture.encodeThrowable(Unknown Source)
	at java.base/java.util.concurrent.CompletableFuture.completeThrowable(Unknown Source)
	at java.base/java.util.concurrent.CompletableFuture$UniCompose.tryFire(Unknown Source)
	... 19 more
Caused by: org.apache.flink.shaded.netty4.io.netty.channel.AbstractChannel$AnnotatedConnectException: Connection refused: /0.0.0.0:8081
Caused by: java.net.ConnectException: Connection refused
	at java.base/sun.nio.ch.Net.pollConnect(Native Method)
	at java.base/sun.nio.ch.Net.pollConnectNow(Unknown Source)
	at java.base/sun.nio.ch.SocketChannelImpl.finishConnect(Unknown Source)
	at org.apache.flink.shaded.netty4.io.netty.channel.socket.nio.NioSocketChannel.doFinishConnect(NioSocketChannel.java:337)
	at org.apache.flink.shaded.netty4.io.netty.channel.nio.AbstractNioChannel$AbstractNioUnsafe.finishConnect(AbstractNioChannel.java:334)
	at org.apache.flink.shaded.netty4.io.netty.channel.nio.NioEventLoop.processSelectedKey(NioEventLoop.java:776)
	at org.apache.flink.shaded.netty4.io.netty.channel.nio.NioEventLoop.processSelectedKeysOptimized(NioEventLoop.java:724)
	at org.apache.flink.shaded.netty4.io.netty.channel.nio.NioEventLoop.processSelectedKeys(NioEventLoop.java:650)
	at org.apache.flink.shaded.netty4.io.netty.channel.nio.NioEventLoop.run(NioEventLoop.java:562)
	at org.apache.flink.shaded.netty4.io.netty.util.concurrent.SingleThreadEventExecutor$4.run(SingleThreadEventExecutor.java:997)
	at org.apache.flink.shaded.netty4.io.netty.util.internal.ThreadExecutorMap$2.run(ThreadExecutorMap.java:74)
	at java.base/java.lang.Thread.run(Unknown Source)

End of exception on server side>]
	at org.apache.flink.runtime.rest.RestClient.parseResponse(RestClient.java:669) ~[flink-dist-2.2.1.jar:2.2.1]
	at org.apache.flink.runtime.rest.RestClient.lambda$submitRequest$6(RestClient.java:653) ~[flink-dist-2.2.1.jar:2.2.1]
	at java.base/java.util.concurrent.CompletableFuture$UniCompose.tryFire(Unknown Source) ~[?:?]
	at java.base/java.util.concurrent.CompletableFuture$Completion.run(Unknown Source) ~[?:?]
	at java.base/java.util.concurrent.ThreadPoolExecutor.runWorker(Unknown Source) ~[?:?]
	at java.base/java.util.concurrent.ThreadPoolExecutor$Worker.run(Unknown Source) ~[?:?]
	at java.base/java.lang.Thread.run(Unknown Source) ~[?:?]
2026-07-17 23:49:37,860 INFO  org.apache.flink.table.gateway.rest.SqlGatewayRestEndpoint   [] - Shutting down rest endpoint.
2026-07-17 23:49:37,866 INFO  org.apache.flink.table.gateway.rest.SqlGatewayRestEndpoint   [] - Shut down complete.
2026-07-17 23:49:37,867 INFO  org.apache.flink.table.shaded.org.quartz.core.QuartzScheduler [] - Scheduler FlinkQuartzScheduler_$_NON_CLUSTERED shutting down.
2026-07-17 23:49:37,867 INFO  org.apache.flink.table.shaded.org.quartz.core.QuartzScheduler [] - Scheduler FlinkQuartzScheduler_$_NON_CLUSTERED paused.
2026-07-17 23:49:37,867 INFO  org.apache.flink.table.shaded.org.quartz.core.QuartzScheduler [] - Scheduler FlinkQuartzScheduler_$_NON_CLUSTERED shutdown complete.
2026-07-17 23:49:38,795 INFO  org.apache.flink.table.gateway.rest.SqlGatewayRestEndpoint   [] - Shutting down rest endpoint.
